Price_id,Date_id,Date,City of London,Barking & Dagenham,Barnet,Bexley,Brent,Bromley,Camden,Croydon,Ealing,Enfield,Greenwich,Hackney,Hammersmith & Fulham,Haringey,Harrow,Havering,Hillingdon,Hounslow,Islington,Kensington & Chelsea,Kingston upon Thames,Lambeth,Lewisham,Merton,Newham,Redbridge,Richmond upon Thames,Southwark,Sutton,Tower Hamlets,Waltham Forest,Wandsworth,Westminster
P1,D1,2000-01-01,173738.5,71079.2,153676.1,94978.5,126784.8,133997,217699.6,109118.8,144352.3,111688.6,102410.6,121135.2,229464.6,133952.8,141115,100714,120742.1,128285,174119.4,355951,146959.3,132007.1,95724.5,137687.1,83681.3,115192.8,209937.2,121969.9,115039.9,128200.4,93975,165375.7,241773.1
P2,D2,2000-02-01,174151.8,72633,156796.7,96820.1,129605.3,137628.5,228163.1,110940.7,145283.6,112877,102030.4,122281.4,229606.1,136421.6,143046.4,102533.1,122780.7,129267.8,177760.8,352515.7,151118.4,135769.8,98810.2,141816.4,85462.2,116131.8,207133.7,130271.8,116907.3,128809.5,94468.9,170409.3,249505
P3,D3,2000-03-01,178338.5,73623.6,159938.6,98306.4,134098.1,141093.8,230540.6,111888.8,146462.5,116372.6,101218.1,121356.5,233873.5,138334.6,145376.5,104182,123504,130506,180996.1,360877.7,153883,136644.9,101880.3,145379.8,86723.5,118107.1,210007.5,132454.2,117684.4,130069.4,96776,176525.8,249858.3
P4,D4,2000-04-01,183100.9,73800.3,162987.6,99377.6,137261.2,144533.6,239658.7,114686,149700.7,118217.1,104054.6,123167.6,244243.8,141692.5,146687.4,106342.7,127249,132159.5,187454.2,376492.7,158072.4,142636.2,104421.1,148308.6,88975.5,119154.8,217531,134806.3,119786.7,136084,99080.8,183066.4,261213.3
P5,D5,2000-05-01,175040.7,75126,165737.2,101274.3,140112.6,147555.9,248815.2,117832.1,153333.9,120935.2,107370.6,127912.2,246592.9,143566,150697.9,108520.1,129652.4,133955.4,191387.8,382489.2,161339.2,145227.6,103960.4,151026.4,90940.6,122802.9,225530.5,133379.7,123844.2,142125.9,102386.6,184200.2,260799.9
P6,D6,2000-06-01,198191,76939.4,169025.2,102653.9,142654.5,150427.1,261772.9,120123.6,155190.7,122880.5,111237.1,135188.8,245883.6,148610.3,153953.3,110771.2,131651.2,138854.2,195606.1,372276.2,164611.3,149817.7,107434.7,152343,93271.8,123672.6,232298.3,137528.4,128893.1,146212.7,104172.6,187474.6,266372.6
P7,D7,2000-07-01,214852.4,78868.7,170520.8,104526.3,143702.4,151437.7,264646.5,121235.2,156898.7,124835.4,113783.8,138909,244307,151038.7,156711.3,111484.2,133753,141802.6,201103.3,384497.4,165708.2,148316.9,108335.8,156829.4,95877.3,126565.5,232119.1,142871.4,130589.3,146150.9,105134.9,190074.8,262936.7
P8,D8,2000-08-01,221951.7,80150,173966.4,106695.7,144148.5,153323.5,262123.6,120920.5,158659.2,125646.6,115377.3,142308.5,256549.6,155215.7,157833.5,111635,135554.9,145402.5,199566.6,388375.1,168037.5,151419.5,111815.9,159103.9,97635.8,126943.7,236929.9,149036.6,130727,145689.3,106415.4,196110.3,267330.3
P9,D9,2000-09-01,223175.2,81760.8,175610.2,108170.3,146653.8,153851.7,258781.8,123050,158829,126041.1,118004.7,142620.2,257847.1,153165.4,157220.1,112094.4,137805.4,144173.3,198953.6,397353,169490.7,154820.7,112515.2,160357,97896.3,130339.1,238715.9,155165.9,131005.1,146877.3,108439.1,195150.2,268578.1
P10,D10,2000-10-01,245062.3,82501.5,176602.5,108290.3,149447.3,153769,249223.9,124661.3,157041.7,127810.8,115955.1,141115.8,260126.8,149658.9,158300.8,113498.3,137914.6,140047.8,196816.5,371261.2,171714.2,157638.4,113887.3,156859.8,96888,131252,243683.7,159153.8,132208.1,147004,109161.4,189131,265927.6
P11,D11,2000-11-01,321773.1,82385.5,175249.8,108062.3,148552.7,153272.9,250927.5,125097.8,156616.7,127357.7,115946,139017.2,256593.9,150551.6,158929.6,115076,138797.1,137271.4,202011.1,386823.8,171133,161434.9,113913.5,155381.3,97618.8,131417.3,241544.8,157278.1,132784.2,150303,108303.4,186147.2,262800
P12,D12,2000-12-01,314772.2,81726.3,175320.4,109084.3,148528.7,153029.9,253022.3,125773,157342.3,127407.8,114567.3,137717.6,262105.8,149757,160059.6,116342.2,137782.6,137772.8,205833.6,392714.1,171602.8,160731.5,112293.2,154172.5,99676.7,130969.9,238962.3,153284.6,131955.4,147926.8,108054,187644.5,268812.2
P13,D13,2001-01-01,284262.1,82343.4,175474.7,111194.1,148306.2,153615.4,265515.4,127510.8,159483.3,125850.6,115168.1,139101.7,259722.7,154406.2,160152.4,115687.6,138251.7,143068.8,204628.1,407738.8,171213,160848.5,112636.9,156449.1,101577.6,131476.7,230334.8,154901.2,130511.1,150152.5,108103.6,192543.2,282566.2
P14,D14,2001-02-01,198137,83265.9,178108.3,111439.2,150110.1,154096.6,267786.1,128762.1,160992.4,127577.4,117034.1,141565.6,262333.8,154803.1,160027.4,117318.3,138408,146554.4,202308.1,394886.5,171737.2,155593.3,113751.5,157721.8,102268.3,132579.7,230621.1,154960.5,129927.9,149264,109479.5,196030.3,283983.8
P15,D15,2001-03-01,189033,84057.9,178226.2,112505.1,150627.7,154932.8,273059.3,127733.6,163828,128244.9,119767,147261.1,261777,156996.9,161573.3,117480.2,139010.8,147968.8,206572.3,406200.3,169882.5,155945,114769.9,161460.1,101770.3,133059.7,229361.5,156711.7,130747.3,154792.5,109564.2,196606.1,281982.5
P16,D16,2001-04-01,205494.1,83965.3,178813.3,111828.7,151874.4,156883.2,268947.3,125018.7,165509,130618.7,122774.7,150331.6,266791.6,157678.7,163383.2,119482,138946.3,147752.2,213431.3,418015.8,171664.1,157274.2,114230.6,162141.4,103036,134457.3,230973.4,156259.9,132384.9,157147.3,111124.9,198932.6,276752.4
P17,D17,2001-05-01,223458.8,85124,178635.8,112377.4,154762.5,158599.2,269837,125998,167826.9,131946,124136.2,153291,266685.9,161975.5,165676.5,119974.4,139920.1,150815.9,221714.9,417770.8,173684,164437.2,116455,162610.4,104871.1,136698.4,230165.3,163852.6,134703.8,160948.7,113052.7,205135.5,287044.7
P18,D18,2001-06-01,242435,86732.5,181194.3,113776.3,155900.4,160098.1,271557.9,129021.6,168654.8,134910.2,124482.6,154879.5,273159.4,166580.3,168838.8,122658,142790.7,151510.3,224505.6,423410.9,177536.4,167110.5,119134.2,164800.4,106639.6,139840.3,235017.1,170488.9,135751,163245.8,116171.3,207819.7,292514.9
P19,D19,2001-07-01,230699.9,89194,183940.8,116937.9,157755.2,161766.1,280481.9,132897.1,169734.1,136380.1,125711.1,155749.4,277209,168388.8,172002.8,124541.4,145971.2,155178.7,228078.5,434520.9,180584,169084.7,122179.2,168754.5,106835.3,142238.4,247013.9,170658,138220,165911.5,118344.1,210316.7,303694.7
P20,D20,2001-08-01,231632.1,90461.7,187690.7,119312.1,160831.9,164849,286872.4,135558.1,173686.4,139076.3,127161.5,157534.9,283704.9,170872.4,175231.8,126650.7,148787.5,157799.3,228757.6,451028.1,182159,169959.6,124313.5,172130.4,109275.7,144220,253142.9,167060.9,139329.2,167691.6,121750.5,209549.2,309872.5
P21,D21,2001-09-01,229805.6,92610,190954,121239.1,163138.9,167086.2,287806.7,137156.6,177657.8,141171.6,131223.4,157328.6,280670.6,169860.1,176904.3,129047.2,150342.5,161879.8,229523.4,438215.3,185945.6,169825.3,126776.3,171618.5,112468.4,147291.6,255011,165831.6,142593.8,169186.4,124842.3,212200.3,314579.9
P22,D22,2001-10-01,263886.7,93584.5,194320,121900.7,164317,170203,288837.2,138690.8,179856.4,143385.3,132882,160267.2,278127.6,173390.6,178077.7,131437.3,152205.8,161090.2,227412.6,424832.5,186102.8,168657.4,130251.9,173026.8,116955.8,150244.2,251599.8,168575.3,145102.4,170267.8,129079.4,212574.6,310589.5
P23,D23,2001-11-01,346458.1,95917.5,198610.2,123380.8,163992,170869.7,290868,140118.3,177919.4,144953.9,134608.3,160706.5,275411.5,170919.2,179299.8,132254.9,153237.7,160575.7,226131,412659.2,187916.7,167425.7,130291.5,175441.3,119032.6,153409.2,251209.5,172284.3,147507.5,171930.3,131279.8,209694.8,302516
P24,D24,2001-12-01,362204.2,96712,200792,122434.2,165832.6,172582.9,291559.5,141644.9,177138.9,144442.9,134891.9,162858.6,277431.4,175652.7,181834.1,132324.8,155651.9,159281.5,224757.5,412274.6,187445.6,170055.4,131207.5,178400.1,120426.1,153534.9,251549.1,172250.2,148143.4,169532.8,133329.3,210752.9,307168.8
P25,D25,2002-01-01,344238.9,98713.3,203249.3,124283,168670.9,173150.1,290461.3,143107.5,178153.7,144678.2,134327.4,165006.8,280576.4,173395.5,184582.3,132721.1,156058.6,163947,226067.7,407491.9,189539.3,177905.4,131762.7,180270.7,122669.4,153608,251202,173720.6,149153.1,170071.4,132998.6,211790.9,304679.1
P26,D26,2002-02-01,284014.6,100228.7,202712.6,124610.7,171147.2,172832.9,289269.9,144640.8,181825.9,145085.1,135251.9,164673.1,278990,174700.6,186779,134022.1,157913.8,165021.3,231520.2,406516.1,189132,178204.5,133856.7,181398.5,123808.1,153902,246812.8,174836.2,150547.1,172918.1,135038.9,211815.8,314894.7
P27,D27,2002-03-01,253696.9,101633,204694.2,126575.7,171357.1,172971.8,289614.9,146049.4,185613.5,147046.1,139365.9,167387.4,278958.6,177087.7,188197.6,136221.3,158632.7,165962.8,238188.8,414375.7,189180.2,179062.4,135280.3,184128.3,124846,155689.4,251782,175508.4,150799.5,177294.6,135543.7,213660.2,312816.5
P28,D28,2002-04-01,245313.2,103884.7,208077.2,127714,172096.8,173894,296978.9,148537.1,190470,149140.3,144155.1,165130.7,284501.1,181787,190140.7,136998.2,162963,164995.8,245033.6,440746.4,192404.3,176703.1,135654,185372.3,126327.6,159352.6,255255.9,179559.8,151987.5,179749.1,137581.8,222257.8,325625.9
P29,D29,2002-05-01,227281.3,105760.6,214593.8,131293.1,175552.4,177864.3,308913.3,151794.6,193306.1,151451.2,148483.9,170708.9,293491.2,189354.9,193422.7,141335.1,166455,167564.1,246648.5,467440.6,197284.5,181197.6,137313.6,188835.2,129553.4,162374,264702.6,183002.4,154537,181131.5,138976.5,231019.6,331670.2
P30,D30,2002-06-01,253129.6,108614.7,219792.6,134080.7,182499.7,182876.1,319465.6,154509.5,197100,154921.4,145616.3,174935.2,302986.5,193782.5,197825.3,145487.7,170564.8,172347.4,248583.8,486673.5,201145.4,186023.4,138460.9,191745.5,134249.3,166465.1,269410.3,186832.2,160845.7,186440.1,142689.7,237993.3,347472.5
P31,D31,2002-07-01,262427.6,111983.3,227128.6,137176.2,187986.1,188125.3,323153.9,157328,199214.3,159582.5,147354.7,185328.2,314411.2,202504.8,203051.4,150944,173341.2,176279.3,249039,497538.1,202908.8,192324.4,143012.6,197097.2,137144.3,169941.7,274087.9,186524.9,165801.9,188469.3,147918.7,240342.7,353874.4
P32,D32,2002-08-01,274016.3,115548.4,230536.6,139794.5,192243.3,193539.5,325073.7,160483.5,204196,163245.8,149380.4,189485.4,317689.2,207605.6,209016.4,154412.7,177119.8,179637,253403.5,490267.4,206661.1,200269.2,147156.4,201580.8,142354.3,175650.6,286131.4,189279.5,169494.8,191310.4,152343.4,245806.2,353259.1
P33,D33,2002-09-01,277047.4,118330.8,233748,143736.1,197198.2,198220,332370.4,163973.6,208310.7,169030.3,154112.1,194081.3,320564.1,208526,215299.1,157757.3,180199.3,183865,258495.3,486338.4,212564.5,203605.8,151412.1,205933.5,145651.8,179033.8,288466.9,192010.8,170863,192485.5,158904.5,247282.4,350581.9
P34,D34,2002-10-01,271940.9,122940.5,232183.7,147674.3,200450.9,200673.1,333820,167438.8,213391.4,173956.3,155860.9,194401.2,315645.6,210447.9,218203,162822.5,184422.7,185641.8,258255.2,474862.3,215957.9,203613.4,154276.1,207625.9,151408,181965.5,293829,191918.6,172734.1,199561.4,163081,245428.3,351142.5
P35,D35,2002-11-01,280282.8,127315.7,235730.5,150897.7,203799.9,201514.6,332035.9,171614.1,213913.5,178760.5,156494.6,196796.9,319142.6,212259.1,222318.8,166983.6,187184.5,187485.4,260017,484175,218133.9,201926.6,156624.2,211100.5,153854.6,183980.2,288680.4,192189.1,175178.3,201935,166377.7,243014,365270.7
P36,D36,2002-12-01,262197.4,131709.3,236505.8,153739.5,207775.2,204090.9,328996.3,174796.3,215626.1,180595.2,158655,195298.3,322552.2,218163.5,223334.4,169085.6,190909.1,188839,257882.1,468164,222346.8,204576.5,160358.7,213487.9,157601,190454.4,289911.2,190827.9,178378,206095.7,166195.2,243255.5,364181.3
P37,D37,2003-01-01,261644.8,134749.8,244239,156080.7,207789.6,207298.5,322511.2,177879.8,214973.1,182113.1,161221.8,197438.6,329178,217524.6,225644.9,170833.9,193806.3,192798.4,264412.3,466463.5,224874.9,205904.6,165802.7,217468.6,160246.8,195245.6,291796.3,194069.7,181962.3,206385.2,169942.1,246300.2,366519.2
P38,D38,2003-02-01,263992.4,138195.3,245752.5,156971.3,210607.8,211134.4,306183.3,179868,218802.9,184682.2,165825.4,200331.4,321415.3,217735.3,223024,173978.2,195772.2,193995.7,258846.2,452671,226228.7,207345.8,169971.7,217265.3,161951.8,198761.2,298386.9,190032.6,182932.4,208253.8,171679.6,248156.4,363275.3
P39,D39,2003-03-01,291969.2,142206.6,250708.2,159465.1,208885.4,211401.6,299759.9,181540,219127.8,188075.8,168575.4,200122.2,316026.8,216615.3,225332.2,176067.9,198076.6,193664.8,256380.8,455466.5,223739.4,203618.5,172141.1,216171.8,163806.8,200008.6,292377,190916.2,183159.4,206864.5,172571.8,248522.7,364158.1
P40,D40,2003-04-01,295174.2,142191.5,246174.6,161244,211476.9,212582.6,306133.8,183800.5,221546.2,188273.4,169464.9,197529,301625,216013.7,227625.7,178145.7,200618.5,191366.2,250831.1,456329.7,223337,201856.8,170720.8,215061.1,166329.8,197019.6,288975.3,195098.1,184737.1,208223.7,172687.7,248378,370043.9
P41,D41,2003-05-01,284860.3,142797.1,244448.6,163925.1,213798.8,213654.7,321379.6,185932.4,221370.6,189206.3,170428.3,199538.1,307256.6,217976.1,233539.9,178045.7,201706.4,193575.4,256521,452103.5,222682.7,197153.6,169817.3,215673.9,167641.9,199012.2,279879.7,202763.2,187990.9,208306.2,175423.3,252847.9,367964.2
P42,D42,2003-06-01,267208.1,141957,244463.7,166074.7,217834.3,215302.3,327338.5,187552.8,221573,189793.1,172951.4,200679.3,309346.8,218912.7,233365.5,178076.3,203484.4,196986.9,255115.6,464442.4,225154.5,196731.6,170643.6,216968.9,167281.1,199983,285491.6,203242.6,190258.6,208759.8,177061.5,251282.9,364480.5
P43,D43,2003-07-01,260203.9,142222.9,250826.4,168190.2,219435.9,216463.2,334896.4,187760.5,220705.3,192574.3,174037,206533.9,321781.5,223832.9,233850.8,179132.7,202502,202809.2,263354,455925.3,227789.6,198036.3,172207,220577.4,167561.3,205246,292121.4,202723.7,190809.2,206605.5,177200.4,254229.2,361780
P44,D44,2003-08-01,245448.9,142792.2,254882.3,168927.9,219190.7,216491.6,337757.7,186701.6,221298.8,193342.5,173373.6,202239.3,322322,223442.4,233017,179444.3,204659.8,202840.4,269030.7,454476.4,232657.9,203687.8,171610.6,223091.9,168209.3,206284,298187.5,202124.9,190393.5,208038.3,175879.3,257091,354092.8
P45,D45,2003-09-01,243183.6,141706.9,257504.4,167862.5,219051.3,219492.7,338320,188268.4,222089,193259,171948.9,202412,321218.5,222642.7,235363.9,182259.7,205899,203448.8,272335.9,448907.7,233924,206706.4,172034.9,225197.9,171968,208743.4,301336.2,204450.2,190487.4,207149.4,175410.1,262224.2,363351.1
P46,D46,2003-10-01,252980.3,145135.7,257724.3,168104.1,223658.3,221353.2,331383.9,189355.3,224163.7,194367.9,173904.8,200271.4,319898,221470.3,238434.6,183598.3,209120.3,200920.6,265432,459283,232964.2,206501.4,170365.8,223728.5,172905.7,210845.1,298286.6,201848.6,190456.9,206802.7,174870.4,261100.6,360221.5
P47,D47,2003-11-01,277515.3,146331.2,257772.4,167061.1,222468.9,222891.9,327200.2,190746.9,226069.3,195174.4,174891,202978,324282.9,223904.2,239536.5,185523.6,208752,202797,263283.5,471114.3,232016.7,206516.7,171762.9,226241.4,176840.8,211093.4,301064.4,202735.4,190465.5,207684.9,177733.6,254952.1,362524.1
P48,D48,2003-12-01,305556.4,149700.9,260058.7,169877.7,223823.3,223849,323781.7,190002,228550.4,196010.8,175888.9,202784.5,331316.9,223770.5,242445.2,184307.1,208096.1,203931.4,269480.3,488704.3,233996.2,206467.1,173550.5,227283.7,176506.9,210621.5,302113.1,205000.9,190136,211745,180450.6,255024.6,363181.6
P49,D49,2004-01-01,326913.3,150115.1,259868.3,169114.8,223970.7,224284.4,329659.8,190400.5,229858.8,195656.1,177101.3,207984.9,328760.5,224728.3,243353.6,185016.9,207222.1,206355.8,274778.3,495894.4,235487.9,212765.9,176912.9,232250.9,176329.1,212380.3,302972.5,206464,190195.5,212401.8,184384.3,255331.4,364542.5
P50,D50,2004-02-01,301092.5,152688,261558.8,173114.4,227109.6,227847.3,332299.9,190354.4,230518.7,195880.1,179157.8,206814.5,327738,226238.5,245388.6,186884.7,208923.8,207010.4,275434,506468.9,237658.8,211752.2,178311.4,230460.7,176489.4,214752.9,306590.6,208636.9,190672.8,214314.3,184586.7,257263.3,366039.4
P51,D51,2004-03-01,272730.6,153591,261478.5,173004.5,227752.9,229636.5,339717,192274.7,231657.2,196928.6,181746.9,215625.5,331533.2,229519.4,243904.2,190286.7,210814.2,206206.4,277706.3,504554.5,239521.4,213243,177692,227851.1,179858.7,218063,308335.5,213347.1,192154.9,210839.9,185933,261677.2,362899.3
P52,D52,2004-04-01,269513.8,154013.6,263773.7,176035.8,230879.2,232598.6,336670,194278.5,234887.7,200131.5,184718.5,213591,340683.7,232300.1,243282.6,191168.4,213141.5,208915.1,282088.2,490464.3,242237.6,213974,179110.1,229089.1,182633.9,221244.3,313674.1,215441.4,194608.2,214314.7,186612.3,264516.6,378991.6
P53,D53,2004-05-01,280061.7,154360.7,269022.9,176748.7,235298.3,231873.3,343102.1,196512.8,238668.4,205043.7,187003,214564.8,347520.4,231966,247295.8,193756.7,213222.3,213996.9,285108.2,488593.7,245145.5,216126.9,183462,231278.2,182238.4,221970.5,312683.8,219071.9,197569,216789.2,189153.2,268249.2,387159
P54,D54,2004-06-01,297421.2,156950.5,272859.3,179977,239200.3,232688.3,354540.4,199032.9,243308,208076.2,187008.9,210881.9,349700,233500.1,254109.7,195388.6,214923.2,217887.2,282674.4,492777.5,247341.3,220816.9,185328.2,238638.7,183559.7,222682.9,320264.5,216784.7,202145.2,222638.2,191249.4,273488.6,394039.3
P55,D55,2004-07-01,298293,159226.8,276811.2,181015,242023.9,233160.1,368811.1,200127.7,246214.4,209453.6,188353.5,212641.8,355962.8,237853.8,257767.9,196575.2,216563.1,217673.4,287036.9,534859.6,251906.6,223563.9,184962.8,240563.3,186131.4,223537.1,324731.8,218907.6,206055.4,222294.7,194031.9,280546.6,391717.7
P56,D56,2004-08-01,307094,160620.2,276711.6,183349.8,244168.7,237290.4,370139.1,201797.5,248541,210187.3,190624,219015.9,358497.2,242527.4,259562.4,196975,219494.7,218651,292354.7,547674.4,254989,230938.3,185037,245235.4,190367.7,226780.7,329562.6,218634.8,208742.7,225155.6,194117.9,284246.5,387129.8
P57,D57,2004-09-01,305126,162821.4,278219.3,183688,241685.4,239174.6,364529.7,202307.3,248636.8,212091.2,191212.7,222119.6,357917.8,246701.7,256244.2,199933.1,219807.3,223479.5,295198.6,559286,253122.5,233752.7,188616.5,249120.4,192660,229281.5,327566.2,220729,210028.5,225016.5,194742.4,285033.5,386129.7
P58,D58,2004-10-01,289912.4,164421.9,278320.5,183938.6,239922,240649.8,361901.7,204324.9,246354.6,212749.1,192176.6,226988.5,348945,243634.1,258933.2,205126.8,220022.7,225262,292816.9,523246,252908.3,230775,190002.9,247228.2,192756.7,229412,320810,222310.4,209698.1,225688.6,196151.7,280896.9,374053.7
P59,D59,2004-11-01,333074.7,165172.2,282305.8,185353.7,239702.9,240438.7,364408.4,205518.5,247226.4,212125.8,192070.5,230665.7,338636.6,244073.6,256765.6,205785.4,221945.1,223433.9,292578.4,517540.4,248400.2,227754.4,190485.9,244718.7,192817,230365.7,317197,222960.6,210496,224487.1,197815.6,277104.3,380432.9
P60,D60,2004-12-01,331161.3,164130.3,281319.6,184353.8,240567.4,243910.1,356394.5,206132.5,246590.6,211855.2,191549.4,231230.7,334675.8,242138.6,260893,205011.2,222272.9,221054.1,293591.1,484880.2,248370.5,227204,188780.5,240750.9,192322.1,224539.5,314102.2,219558.5,209584.9,225902.1,197754.8,271442.8,379609.5
P61,D61,2005-01-01,330363.1,164484.1,282820.2,186453.7,239247.5,243767.4,345131.6,206824.7,244936.8,211129.8,189218.9,230550.5,336815.5,245217,257110.9,202925,221717,222306.3,293762.1,477957.7,245039.9,226725.9,188192,242920.7,191246.1,226921.7,316808.5,219025.9,209204.9,228492.9,194193.9,274507.9,393894.2
P62,D62,2005-02-01,288867,162323.7,277154.2,183915.3,236620.4,242397.3,341745.9,204754.1,241052,211115.6,189204.4,229169.6,346280.4,243985.7,257059.2,203610.7,219851.9,222042.3,288181,480086,244934.5,224799.8,187799.7,244608.6,192276.9,223392,314194.4,216177.9,207732.6,226089.4,192179,278445.4,400299.2
P63,D63,2005-03-01,304851.2,161926.6,274215.8,184119.2,237427.8,238904.5,348785.5,204802.1,239428.6,211400.9,192632.4,228688.2,349362.8,244792.9,251164.4,203092.4,218712.1,220399.8,288640.9,489291.1,246079.8,220863.1,186850.7,245453.9,191365.2,226003.6,317435,221308.7,208080.6,225128.2,192514,283375.3,405885.3
P64,D64,2005-04-01,317397.7,162770.5,272772.1,183311.4,236872.3,238928.1,359728.3,202975.7,242939.7,212264.2,193388.1,226578.3,362157,241792.5,252760.6,202329.9,219044.6,218101,288103.4,507964,247395,221560.7,187386.5,244941.3,192853.6,222296.8,320604.3,224161.5,210104.7,229518.5,194378.9,287489.7,402954.8
P65,D65,2005-05-01,311441.7,163999.6,273841.3,184686.2,237562.1,241305.9,369410.9,204438.7,244910.8,214254.7,193666.3,221698.1,360542.3,243903,252667.2,202100.5,220477.3,222725.3,291802.7,518054,254013.4,222758.7,189785.4,246661.7,190855.7,224881.3,328421.4,225806.8,211343.9,227543.5,195430.6,287136.2,402716.8
P66,D66,2005-06-01,282866.4,165770.3,279515.1,187768.2,239887.3,242091.2,379376.8,203801.9,245662.6,213362,194593,219994,369193.2,244979.3,255996.4,203463.9,224087.6,223950.8,295460.6,527081.8,252875.7,227385.8,191904.5,246705.7,193027.6,225825.4,331299,225153.8,212564.1,227355.4,198182.4,285915.2,401073
P67,D67,2005-07-01,283640.7,162427.6,279927.5,186667.5,244437.1,240890.2,380975.6,204597.7,247400.8,213661.5,198118.4,223341.6,369951.6,248278.1,257427,203791.8,226212.6,226292.5,298332.9,540566.2,256553.9,233888.8,192330.2,248309.4,194182.7,226540.2,330099.4,223525.4,210957.7,219297.3,198532.4,288396.7,400864.6
P68,D68,2005-08-01,305351.3,164000.4,282066.3,188105.9,246146.8,239540.8,391165.9,203256.2,248384.2,211683.7,199233.1,227955,379162.4,251347.1,257612.9,203953.5,226830.4,222771.5,302706.3,529995.6,253237.1,235728.4,190430.3,247852.9,195869.9,227046.1,325283.7,226799.9,210937.6,221285,200141.2,290914.8,404888.7
P69,D69,2005-09-01,310906.4,163111.2,283147.8,187908.4,244751.7,237970.7,386496.1,203882.2,249674.1,212393.5,200148.1,234595.9,374904.3,249704.7,257170.2,205618.2,225351.7,225055.4,303348.1,542760.6,256959.7,237331.9,192725.4,249510.9,194370.1,228808.5,322137.9,228758.8,210881.4,220634.9,200103.8,289514,401667.2
P70,D70,2005-10-01,338836.7,164178.7,283024.3,189434.6,243404.6,237521.5,383713.6,204015.3,246673.7,211578.1,200622.3,230247.1,368196.5,247557.3,256085.2,206846.7,224284,224671.8,303764.1,532195.2,252041.3,231104.3,194979.5,247274.9,193764.2,228012.8,323562.1,227658.6,208817.7,222259.1,200674.7,282206.9,395130.1
P71,D71,2005-11-01,327255.7,162695.1,283420.6,188695.4,246766,236592.7,366351.5,204773.3,243405.8,213839.5,202391.3,229981.7,367353.8,243696.5,255039.4,206240.4,224278.8,224167.3,295605.2,540675.2,253615.2,232129.4,194486.4,245088.1,195197.9,228011.8,326104.2,225181.5,208103.1,226386.6,200693.7,280702.5,386802.7
P72,D72,2005-12-01,339626.3,162641.5,281610.8,187080.5,247157.2,237525.2,367259.4,204766.2,243991.9,213899,202912.5,232443.3,366987.5,244593.9,253900.3,204593.6,223949.3,222567,291277.2,555847.1,251129.6,231957.9,193543.7,245705.7,197653,229886.5,327477.9,225043.3,205837.3,233557.5,199860.7,281580.4,396443.2
P73,D73,2006-01-01,316121.4,162340,282333.5,188013,247765.9,240254.7,368709.6,204536.3,247593.5,214068.5,202179.8,238246.2,374796.9,250587.3,253829,202615.8,225769.7,226228.6,294169.8,565247.4,255199.9,236766.2,194170.1,244083.5,198195.6,232310,330499.1,225643.1,208052,236133,200759.8,284764.9,406412.8
P74,D74,2006-02-01,323653.3,163023.9,281120.3,187235.6,246054.9,241717.8,373670.4,207312.3,251238.8,213136.4,201111.6,240260,367483.5,251056.5,255883.1,204845.7,225182.7,229421.8,303689.4,569195.1,253180.4,234358.7,195055,246920.6,195776.2,233950.1,331927,226407.4,209393.2,232894.6,201812.3,285741.8,420422.9
P75,D75,2006-03-01,325106.4,162004.4,281674.3,187449.9,246766.3,243140.7,377339.6,208650.3,250284.2,212403.9,200844,239022.8,378032.4,255332.9,258051.7,206050.5,227319.1,231388.4,310486.3,570415.3,254284.3,235911.3,193739.9,246235.2,193713.5,232672.7,335318.6,227548.6,211151.8,228654.8,201594.1,294537.7,422314.4
P76,D76,2006-04-01,319579.9,164204,283205.9,189193.9,246980.3,243914.4,382932.5,209106.5,251678.7,214322.6,199346.1,241951.2,381057.7,253211.1,259436.1,208976,226108,233697.9,318786.1,581164.2,254843.4,237767.2,193773.5,252105.3,195140.3,233449.3,339897.9,230588.9,211560.1,234134.1,201964.7,299740.2,425661.9
P77,D77,2006-05-01,313125.8,166048.4,286461.9,189826.5,249085.8,244570.9,389595.8,208379.6,255037.6,215853.3,201996.8,244603.8,394582.4,255603.2,262515.2,208243.5,228713.4,235850.5,323468.7,590767.8,258061,246459.1,196773.7,253408,199911.8,234715.8,342561.7,237898.4,211970.4,237665.3,203054.8,306298.1,425644.8
P78,D78,2006-06-01,304976.9,169013,287725.2,191156.2,252877.4,247109.3,392849.2,209864.6,259625.3,218910.3,206043.4,252531.7,401933.7,262005.6,263326.7,209471.5,229687.8,238416.7,324998.9,599840.7,264704.7,249295.7,201256.1,254900.9,204066.9,237258.1,345831.1,241407.3,215028.5,241093.7,205951.1,310190.5,440488.9
P79,D79,2006-07-01,338307.1,170204,292435.4,189337.5,254617.2,249778.1,400432.1,212185.3,261997.4,220262.2,210340.7,255499.5,409230.9,268220.7,264667.5,211742.3,233733.6,237016.8,318534.6,606796.4,266618.9,254317.9,206370.5,257433.2,204821.3,240327.1,347123.5,247663.2,216748.8,240492.9,210993.9,316772.6,443770.5
P80,D80,2006-08-01,358438.1,171177.1,296104.3,193378,254296.9,253405.6,406665.7,214493.4,265047.1,222090,211948.7,261801.4,414495.2,274872.8,266524.6,215135.3,234559.6,239945.7,322124.6,609828.6,271131.9,257563.3,207741.1,261007.4,205592.4,242858.3,353710.6,248353.1,218347.1,245297.2,213044.2,322121.3,451559.7
P81,D81,2006-09-01,377545.4,170250.5,300380.7,194016.8,254398.8,254676,406025,216164.7,269299,224114.3,212312.1,264543.8,417455,275491.2,271094.1,216487.8,236146.6,242958.6,326006.8,603461.6,270979.6,261648.4,209194.4,265476.5,206485.5,245605.3,359347.3,250299.5,217113.2,250209.7,216862.3,325413.4,450582.5
P82,D82,2006-10-01,365176.7,170091.3,299831.5,196531.9,260293.9,257318.8,403221.4,216698.8,270344.9,225896.7,212934.4,267841,417621,274665.4,275403.2,217622.7,234735.4,245178.6,336427,604626.4,275060.6,262570.6,208575,264543.9,210510.3,246389.4,361508.1,256534.3,219908.1,253169.9,217643,326467.6,457769.4
P83,D83,2006-11-01,354438.4,171598.2,300765.2,196837.7,261574.5,258908,407616.6,218396.1,269520,226399.7,212535.9,267582.5,412028.7,272342.1,276450.3,216896.9,236037.1,243648.8,327602.5,630205.9,274154.5,261967,209787.7,267628.1,212391.5,247818.5,364931,257803.5,223134.7,256273.9,220036.8,326432.8,449109.4
P84,D84,2006-12-01,365755.3,174285.4,304015.3,198995.8,264329.4,261506.2,428774.6,219548.3,270807.9,227042.3,214414,265169,402320.2,273662.4,278193.9,217711.2,238867.8,240781.1,329442.8,644540.8,277785.3,263085.3,211908.3,270985.9,212812.8,249402.7,369305.3,262969.8,226278.2,260377,222776.2,332845.7,448641.3
P85,D85,2007-01-01,360923.5,176577.4,306483.9,199813.1,263524.2,261809.2,433900.9,222690.5,273568.7,228591.4,217207.2,267223.9,407093.2,278263.8,280501.2,217920.3,241030.4,242750.2,333999.1,682117.9,278832.5,267255.3,215135.7,277155.5,214192.9,252230.5,375899.9,258926.8,227012.4,264492.3,225087.3,337325.1,462061
P86,D86,2007-02-01,399437.2,177050.7,309910.1,199940.2,271085.9,263863.9,441610.7,223464.2,279642.8,230985.9,220126.8,270969.5,422517.6,285081.8,282077.3,220412.5,243109.9,245807.3,349878.5,695308,284562.9,272416,218382,280788.9,214554.4,254286,383528.7,263812.2,229219.7,265521.8,228925.5,346538.1,472340.6
P87,D87,2007-03-01,403144.2,179011.3,310377.1,201598.5,273225.6,264642.3,439974,225719.7,282096.9,232000.2,219651.7,276044.2,443097.8,285516.2,281473,224500.8,243651.2,250858.4,354271.6,712066.1,289235.1,279673.2,220063.4,283272.4,217956.3,258080.1,387736.9,276752.2,230815,268085.6,228272.8,347565,483535.3
P88,D88,2007-04-01,419005.3,179846.6,313521.3,203223.7,278703.2,269444.7,451966,226609.5,286145.7,233559.1,222934.4,276424.7,454433.6,291279.3,285296.6,228041.6,247037.5,250972.1,359538.9,718861.5,294524,283834.6,222753.6,287767.8,218736.6,258714.7,398046.7,288676.9,233852.4,274222.7,230686.2,359793.1,471224.4
P89,D89,2007-05-01,411183.3,181828.4,318831,205848.3,279638.1,271767.7,441267.1,228083.6,286841.6,235672.3,225765.2,281457.2,460661.7,297475.9,288254.8,233262.1,250417.8,254343.7,369616.2,718508.6,299721.1,290460.9,225836.7,292867.2,222007.9,263285.7,402455,297426.6,237514.1,283556.3,232135.3,367053.3,487287.2
P90,D90,2007-06-01,436079.1,183476.4,323804.8,208174.2,286921.4,275274.2,454121.4,230188.7,289264.4,241066.3,227729.7,282167.9,470555.9,307608,292147.7,235652.9,253128.5,254536,390211.4,723632.7,304342.1,300121.1,226856.3,298411.4,225445.4,265723.2,407291.7,295178.9,241342.1,288890.5,235925.9,371346.5,500038.9
P91,D91,2007-07-01,467348.2,185928.7,331745.5,211318.4,294878.1,278325.2,466113.8,233834.7,295485.6,248178,229651.4,291786.3,485738,312249.4,292859.7,238054.4,257857,263444.8,399124.2,746126.7,310980.6,305753.7,230082.3,300490.6,228413.7,271920.2,417303.9,296741.3,245600.4,295108.8,239500.4,378318.8,528034.7
P92,D92,2007-08-01,473887.1,187337.1,334688.8,211461.6,298465.4,282065.8,490494.2,238535.9,300585.7,254281.3,232464.7,301584.9,502895,316170.3,297848.5,237395.4,259959.3,267986.9,411567.1,779957.4,316736.9,315086.4,232733.7,309048,232670.5,274360.2,429700.4,296428.1,244674.9,300411,242898.5,388140.8,538993
P93,D93,2007-09-01,463524.8,190223.2,340986.9,210592.9,302370.8,285815.7,499913.3,240249.2,305954.9,256719.4,236410.1,313923.9,512595.5,326279.2,303734.3,239620.4,260670.1,273453.4,415463,830949.6,321174.2,318371,237983.9,313243.6,234415.2,276865.7,430730.3,295412,248034.5,300845.8,246078.1,394918.2,552248.4
P94,D94,2007-10-01,456421.7,191576.5,342548.1,211456.8,298208.4,288142.7,500648.2,242724.7,307578.8,255341.3,238107,312131.5,519191.8,327150.5,305422.8,241226.2,260233.3,274298.6,419155,808270,324522.4,320250.6,240479.7,316044.8,236583.8,277152.7,428430.6,296067.6,248831.2,302913.3,243917.6,395801.4,557076.4
P95,D95,2007-11-01,450830.6,193603,345869.5,215171.1,299352.5,291784.2,495248.9,244209.3,309936.1,255009.6,238093.1,309919.8,510195.8,323853.3,307270.5,242628.2,263276.4,271776.7,412008.8,777268.5,324972.4,316461.9,242734.2,307997.3,235942.2,275927.3,427782.5,303151.7,252643.1,298863.1,244997.9,391690.9,557540.1
P96,D96,2007-12-01,464276.6,192458.3,344218.9,218431.6,297570.6,293823.8,482569.1,247677,308302.6,255537.1,238202.2,301126.6,500711.3,315186.4,305017.8,243703.9,265692.5,272510.3,413153.2,767082.9,325148.9,309137.6,242822.5,307213.9,235744.4,274707.1,435684.9,307443.4,257716.5,303163.3,245781.7,386439.3,562740.1
P97,D97,2008-01-01,471860.8,194235.5,344479.7,220085.5,300894.7,293098.3,486659.2,248004.8,310173.5,256572.2,238449.8,308202.9,487906.9,313985.8,305836.6,244746.9,266872.5,272960.1,408031.4,810780.5,321798.8,307930.1,241510.7,309345.1,236617.3,275150.3,430125.8,303542.8,257529.2,300653.5,249908.9,381421.4,546512.4
P98,D98,2008-02-01,453706.7,193698.8,339644,219349.4,300461.7,290151.4,505471.9,246977.4,305649.1,257164.2,239628.7,306799,494452,315499.9,304969.5,243974.7,264530.3,272481.9,407775.8,832753.5,321373.6,303088.7,241556.9,312699.7,234151.2,275919.6,426085.9,294556.7,258578.6,308823.9,247972.3,376626.5,547328.2
P99,D99,2008-03-01,404849.3,196257.4,335895.5,218909.1,299019.5,286080.2,510058.9,245127.8,307788.1,254573.4,239432,313344.6,500204.2,312280.3,304807.1,242484.8,263023.6,271908.7,402112.9,808428.9,317364.5,304300.1,240255.3,314300.2,229874.2,275710.5,422955.9,290114,252132.7,316156.5,245836.8,380998.9,523787.8
P100,D100,2008-04-01,382570.9,192932.1,333836.5,215953.7,296953.5,284104.5,510071.8,243468,300884.2,254069.3,241051.4,316182.8,486031.6,314029.4,307940.9,240461.2,259770.7,268103,402948,762672.8,318957.8,305630,238143.2,313752.7,223485.8,275097.8,428110.2,297197.4,251699.2,321009.2,241305.1,375596.1,537718.5
P101,D101,2008-05-01,389732.9,193573.5,338033.2,215616.3,297339.1,283806.9,505894.2,242413.8,304014.3,252871,239680.2,324344.5,484647,319010.3,306895.5,239332.5,258195.2,273949.4,399480.1,760593.2,315909.9,302761.4,235961.5,312461.1,223903.2,273408.8,427191.1,299313.5,248424.1,320239,239639.9,376175.2,538746.8
P102,D102,2008-06-01,420665.1,190726.6,340824.5,212632.1,297161.5,282385.6,506170.6,239830.4,299363.1,251090.6,240905.5,332090.9,478042.8,317965.4,303929.7,236180.8,258128.5,272923.2,391880.5,766471.7,320612,296606,234730.5,312019.5,231055.8,272560.5,427989.9,305434.2,249481.5,307659.3,237698.2,369622.5,537790.6
P103,D103,2008-07-01,442351.7,191066.9,337539.6,210799.8,300838.8,280338.3,521991.5,237926.3,297370.5,249163.7,233729.2,325064.5,485893.2,312994.2,298900.5,232706.3,257672.5,270125.6,394993.5,822508.4,317349.7,295052.5,233087.5,306324.1,233406.6,271019.1,426114.8,301184.9,245202.4,301440.6,235583.5,367998,545555.8
P104,D104,2008-08-01,472396.6,189099.9,329269.1,208152.3,295776.4,275719.5,525295.7,238642,293302.5,243580,229121.4,318928.1,487355.3,295042.5,293193.2,231032.6,254270.7,262571.3,384846,806857.4,313744.3,296706.7,232534.7,302582.1,226064.5,268482.5,420440,300800.9,240818.4,295521.5,231836,356144.9,537817.3
P105,D105,2008-09-01,466082.1,184658.6,320831.3,207084.4,294672.9,271187,515019.3,233163.3,293398.6,240810.4,223029.2,303298.4,474369.6,288020.3,288109.8,227511.3,251644.7,257275.6,385328.5,811950.1,305354.1,302406.6,230692.4,294189.5,217828.6,261442.3,405966.3,288929.4,233542.9,291280.3,225870.5,359324.6,548285.6
P106,D106,2008-10-01,440011.8,177920.9,318948.4,203008.2,283265.4,266247.3,498393.9,226844.4,286905.9,236344.9,218605.9,299579.3,456203.9,284383.6,283282.5,220570.8,247077.2,253428.7,368259,754939.4,297326.7,289367.2,224612.5,288628.3,207060.3,251240.8,385047.6,278174,228683.1,288911.5,217344.6,351184.5,535956.6
P107,D107,2008-11-01,396155,174390.3,314868.4,197920.3,277453,262053.9,472362.2,216987.8,279322.5,228803.8,215387.2,299302.7,427746.8,288533.6,271283.5,212370,246224.3,242429.9,354035.9,754636.2,291456.5,275678.2,215363.4,273054.2,205991.8,240444,360266.1,272049.1,226015.1,268337.8,212138.3,345344.3,542801.6
P108,D108,2008-12-01,387178.2,169721.9,306109.6,192879.1,269258.4,257557.2,457289.7,212597.1,265723.1,225028.5,214614,294108.7,436519.8,279007.8,266651.9,206313.1,239553.3,237188.6,341816.9,725423.8,283509.2,266183.5,206955.3,268737.4,191781.6,232677.4,352374.5,263263.4,220315.7,255993.5,209503.6,325374.4,540058.5
P109,D109,2009-01-01,400316.7,166798.1,294597.6,193104.8,260420.8,255177,446897.3,207071.8,257539,218633.9,215205.4,297427.6,437667.1,268212.4,260775,204414.1,233126.4,234463.9,329223.6,668545.7,275113.2,262814.5,204674,271806.7,189086.1,227449.8,352454.8,264173.2,216291.4,251399.6,210846.6,319337.7,524989.1
P110,D110,2009-02-01,393361.4,161878.8,289250.8,188784.7,263886,249378.4,453141.3,204910.6,253953.2,219315.5,213422.4,284411.1,431608.6,260548.8,262042.1,204014.6,223916,234540.2,332313.7,627150.1,261903.1,262924.2,207166.8,277882.1,186696.9,225545.9,358994.7,257632,207917.1,259013.9,207677,320213.7,507139.9
P111,D111,2009-03-01,399220.2,156811,288719.1,187076.4,265889,245444.4,465563.5,202464.5,251129.6,214101.1,207864.4,292499.2,408518.8,263608.8,258324.5,207166.2,219678.7,228489.6,326811.4,598429.8,251763,255001.1,208631.4,275148.3,191434.3,221684.8,356225.9,255848.7,206511.2,264712.1,203665.5,323860.9,502387.2
P112,D112,2009-04-01,345338.5,152209.2,286600.8,181653.3,269541.7,241375.8,451643,202636.9,250917.2,214280.6,205269,267689.7,413984.5,261856,253662.2,205530.2,218721.6,224854.9,331763.4,622563.3,248154.9,247237.8,212482.8,262691.9,190232.5,221183.3,351763.8,252344.2,205540.4,256921.9,198869.4,323753.3,508550.3
P113,D113,2009-05-01,373504.1,148432.9,288396.3,182455.3,261460.3,242634.6,442605.8,200479,251076.7,213526.9,200543.9,264340.3,412345.5,262327.9,253717.4,202964.2,221725.5,225353.6,328388.8,664598.1,253002.7,251967.5,206198.5,260160.9,183362.9,224661.4,351842.8,251437.6,205722.3,255796.7,196297.8,330779.7,520435.8
P114,D114,2009-06-01,348750.6,150193.6,291608.2,183343.7,263297.2,246415.9,434898.1,199415.1,255022.2,220342,200256.3,251604.6,413659.3,269458.6,254538.7,199836,222638.1,229194.8,331470.3,719453.2,255066.8,258178.4,207083.2,254608.8,182435.6,232296.8,355781.5,255988.5,204522.7,254833.8,196354,345487.5,510955.1
P115,D115,2009-07-01,379109.5,154105.1,301141.2,186840.7,258775.8,248500.2,451203.7,200102.6,263723.6,222874,201148.5,271135.1,420387.6,278181.4,258643.8,203053.4,224728.4,234915.5,339509.2,770240,261317.8,270535.4,206000,261094.5,184975,236603.4,362856.3,258662.1,207907.9,247246.1,198089,353348.7,523937.1
P116,D116,2009-08-01,360544.6,156272.2,305076.7,189657,262862.7,248667,467171.4,201442.3,268788.1,227008,207186.2,277376.5,441605.4,281291.5,265097.9,205729.8,227082.5,242600.1,355363.4,782458.6,268167.1,273198.2,210835.5,271560.5,190484.3,238626,372388.6,264147.5,212510.5,240430,202191.2,350782.5,521951.9
P117,D117,2009-09-01,391137.8,155826.8,310669.9,191210.1,258998.9,251137.4,475211.5,203916.7,277405.6,226747.8,214017,290994.9,459257.9,289255.3,271562.7,207181.4,231533.1,245611.6,368899,763330,277841.6,276690.6,213894.1,280207.2,188167.7,238187.8,380409.6,270739.9,217194.6,247730.8,207632.4,350410.5,553714.5
P118,D118,2009-10-01,399867.3,156674.2,309970.5,193416.6,266585.7,254477.7,471297.9,205122.6,280528.9,228465,218571.6,294216.9,459306.7,295331.6,271793.2,208242.8,236110.3,245170.9,371504,736741.4,282397,282900.8,218426.2,281847.7,188467.3,242244.2,391208.6,269409.8,218550.1,263999.8,210786.5,354232.6,562887.9
P119,D119,2009-11-01,397909.4,157272.2,310969.5,194444,268663.2,257048.3,449490.2,206570.9,278843.5,228971.1,219851.2,300430.9,459311,296040.6,271764.7,210964.2,238530.7,243703.7,367154.3,753693,283162.9,284628.2,219844.5,280930.7,189741.1,241073.9,395322.5,268317.5,220574.8,279118.9,213323.3,357674.6,573101.5
P120,D120,2009-12-01,411954.6,160888.6,312235.4,196623.1,272443.2,258655.3,446413.1,210343.4,279574.5,229651.7,220536.8,294762.2,467824.9,288455.8,274511,212448.8,241518.1,246012.3,361012.2,755047.4,283400.4,281970.2,220454.1,281239,193523.7,243611.7,403431.9,265111.5,222170.2,277775.8,213488.2,354593.5,575113.5
P121,D121,2010-01-01,464435.7,162905.2,316925.7,197737.2,273217.8,260713.9,454547.2,211896.3,283234,232751.7,221333.1,295823.8,484952.6,295080.2,279518.7,212880.9,240247.8,250674.8,368461.1,794620.4,289691.3,285833.2,221052.4,286199.6,194632.4,245066.6,411912,274107.6,225973.2,277824.2,214784.1,356193,596235.5
P122,D122,2010-02-01,490525.4,163022.6,318995,201283.7,277315.2,263217.2,480597.8,217606.6,287882.1,236894.2,221962.2,298452.9,490933.4,301399.9,281608.6,216413.8,240016.3,253148.6,382429.2,778621.8,286627.9,286760,223811.6,283608.2,196744.6,248356.3,421222.2,282954.3,230356,279657.3,219367.8,367168.2,613473.1
P123,D123,2010-03-01,498240.5,162831.3,324873.3,202291.1,282686.3,264768.7,498892.6,219480.5,288740.4,239223.9,224266.3,297282.6,486870.7,307802,285075.8,216815.3,239574.8,254111.6,389435.6,820954.3,295871.5,295041.1,228020.1,291676.6,199932.6,247733.9,424030.5,286656.2,235157.2,285936.3,222307.6,373226.9,607613.6
P124,D124,2010-04-01,458245.9,162755.9,327955.2,202738.7,287901.9,266896.8,499766.7,222847.5,285639,239050.9,222901.9,298083.6,488086.9,304765.6,288143.7,217821.1,244121.5,252274.3,393891.8,818815.6,295162.1,294294.2,226054,294295.4,202169.6,244146.4,417128.5,292879.6,234859.3,288964.1,225011.1,379075.2,590583.2
P125,D125,2010-05-01,454928.3,164902.7,331168,199919.4,289076,270820,490244.4,220281,286725.8,238993.8,225583.2,294431.2,493877.4,310895.4,291560.5,218541.8,245413.2,252846.8,393357.2,855775.3,306281.6,297314.6,226194.3,301424.8,203815.5,242080.5,413233.9,294376.5,236700.8,284842.1,223346.3,381180.9,578829.2
P126,D126,2010-06-01,428119.8,167147.5,330965.2,199807.5,287809.3,272609.2,492592.5,219296.7,287129.6,242127.8,225439.9,305509,507768.5,317731.2,290749.2,219910.3,249688.9,253417.8,400083.3,821510.3,302788.5,298000.8,223273.7,302479.8,204238.1,242504.9,415707.8,303412.1,235294.6,283433.9,220083.5,385939.1,594353.9
P127,D127,2010-07-01,420233.8,168660.6,336379.5,200251.2,290683.3,273808,524202.2,217831.6,293317.7,245935.4,233860.2,304524.1,516558,322826.9,294286.6,223319.9,250974.3,260723.8,403079.7,845613.7,310333,303698.8,225648.3,305677.3,207951.9,247745.3,419732.3,303740.4,235635,280921.9,222931.3,390480.2,599539.8
P128,D128,2010-08-01,442596.6,170216.3,341812.1,201935.4,296378.4,276104.1,549962.8,219853.5,298161,248091.5,238090.6,308014.3,527536.2,322198.2,296892.2,224713.4,253690,264626.9,405537.4,826389.8,313366.1,308883.4,228217,306977.3,207821.2,254093.6,422722.3,305691.8,233041.5,284255.6,222519.8,387985.3,618615.5
P129,D129,2010-09-01,455289.9,170252.9,347747.3,202869.5,299864.4,276889.7,550372,220916.6,301224.8,246254.2,239808.5,307345.7,529332.3,326052.6,298264.9,224775.6,255745.6,271362,412468,863878.1,318735.9,307119.3,229261.3,310663.1,210673.7,262378.3,426090.7,302033.5,233303.4,282086.9,227125.2,381411.3,623290.5
P130,D130,2010-10-01,456016.2,170298.3,344009.9,200656.9,298962.6,276380.4,540611.8,220973,302709.9,245078.5,234856.2,304576.8,516386.3,321629.8,300140.3,225580.1,253763,262230.9,407174.2,859065.2,312668.1,302450.8,226811,311472.6,208508.1,264967.1,423661.1,295514.2,234394.9,284028.6,224120.1,372627.5,628964.5
P131,D131,2010-11-01,430304.6,169249.8,341701.6,200647.4,296775.7,275527.5,532976.1,217847.6,299905.7,244642.5,230941.1,296793,498874.9,324934.4,298913.4,222620,253605.8,258705.9,412746.4,877861.5,309683.9,294152.6,225502.4,306478.5,209060,264926.7,421436.9,291275.2,234596.8,280211.8,223284.7,359262.7,618176.1
P132,D132,2010-12-01,445015.8,166485.4,335004.4,200351.8,294081.5,274853.1,543887.5,214845.2,299237.5,246485.6,229790.9,295053.6,485906.3,318442,300838.8,221566.8,249057.1,255270.4,407998.3,884673.6,310512,292465.5,223141.5,299039.2,208056.3,264013.4,424125.8,294313.8,232560.6,280821.7,220346,359305.4,610704
P133,D133,2011-01-01,442413,163821.3,337574.8,200374.4,292494.4,275141.2,540301.5,213990,299150,246395.8,230261.1,294224.9,485393.6,316021.2,296316.9,217997.1,250781.3,258297.8,416960.1,860460.4,315323.1,290339.8,226810.1,299470.9,208687.4,265382.8,429859.5,305923.9,231401,283416.1,217838,366971.8,598580
P134,D134,2011-02-01,504009.3,162484,339623.3,200398.9,289551,271383.5,542726.2,214080.7,301737.9,243641,229167.7,300558,489559.5,321504.3,297449.9,215922.1,251481.8,261281.7,408596.5,844013.7,311584.2,293480.7,227705.9,298366,205504.2,266661.8,433669.2,312832,234298.3,286612.4,218774.7,375471.4,603248.1
P135,D135,2011-03-01,475353,161659.7,345257.6,198333.4,291692.4,270665.9,547548.6,213551,299740.2,240271,226217.6,294425.5,501661.5,320710.7,295633.8,215325.1,252504.2,264642.4,411200.5,879557.5,307489.4,293606.6,226622.9,300667.2,201980.2,266384.9,425866.7,309582.1,234942,291277.4,216578.5,383537.5,629535.7
P136,D136,2011-04-01,516318.8,162401.3,340441.3,201058.7,295596.4,271214.2,556408.6,213974.7,300859.4,238130.9,227706.8,304250.2,517488.4,328043.5,297675.8,216085.3,251264.6,266788.6,428174.8,959519.9,301401.2,298551,227759.8,298880.2,200682.2,259444.7,426903.1,303154.9,233579.5,292933.2,218535,386636.5,650658.9
P137,D137,2011-05-01,459477.3,162703.5,335304.6,201338.3,299163.7,276407.6,544622.5,213418.6,298099.1,234490.3,232675.4,302539.5,529409.9,319847.2,294992.6,219336.9,250059.7,267342.7,424731.8,939202.4,307574,300056.4,223084.3,304185.6,204107.2,256850.8,428182.6,302375.9,231347,290146.8,219335.4,392975.4,647255.9
P138,D138,2011-06-01,466524.9,162303.7,330258.6,201072.8,298660.1,275253.9,545294.2,214113.7,302246.8,234801.7,233462.3,304950.9,531488.4,323513.5,295227.8,221986.1,248749.9,264468.6,425166,911739.5,306941.7,304480.8,223983.6,303809.2,206952.2,256194.5,426807.4,308938.5,228304.5,282144.8,219149.1,393294.3,626107.9
P139,D139,2011-07-01,420435.4,160895.4,332255.2,199899.4,299866.1,275526.4,547387.4,215233.1,303832.3,236704.6,230914.9,308742.1,521990.7,331928.6,292703.6,223091,249619.7,265635.1,417267.7,877358,311674,304623.9,223760.9,306767.8,207740.6,262220.4,429590.8,321369.9,230503.4,277340.6,221138.2,389545.5,630766.4
P140,D140,2011-08-01,421485.6,163476.9,334216.5,199485.3,301267.9,272637.3,563689.8,215870.2,307331,243948.7,229331.1,312386.8,520571.2,342020.8,294175.3,219434.8,250786.4,268775.5,431157.2,912818.7,313480,312599.6,231768.6,313482.4,208896,264635.3,434882.4,329339.6,230091.5,282048,219625.7,396053.6,644666.5
P141,D141,2011-09-01,436018.6,166864.7,339125.1,202298.3,306604.4,276108.1,576481.5,217591.3,307753.8,246731.3,232159.2,323112.9,525123.8,344757.3,295736.3,218947.1,251566.3,269440.9,439120.5,931099.4,316078.8,313959,234624.5,319727.5,212026.1,264662.5,449384,324827.9,234650.7,288844,224327.3,392743.1,649456.1
P142,D142,2011-10-01,450033.7,167492.9,340673.1,202907,304678.2,277282.4,573534.9,216699.4,304245.7,246757.4,229647.3,317115.8,534269.9,330990.3,297762.8,220225.6,253519.6,268203.7,431861.5,916676.1,318088.8,316450,233384.8,316973.5,212406.2,261122.5,448735.4,315640.9,235020,290594.2,224939.6,388803.4,635375.7
P143,D143,2011-11-01,478808.9,164846.8,346353,201377.4,306240.5,278025.1,567063.9,218799.4,299592.4,246151.9,226493.6,323484.5,538787,320976.4,300744.7,223034.5,253903.4,261369.5,429756.3,950766.9,315898.2,310605.4,227743.8,308288.5,212496.1,260201.2,443367,305028.2,235540.5,292095.7,225477.1,381661.2,636095.2
P144,D144,2011-12-01,496290.8,162631.3,346653,199523.2,301759.6,278849.1,547656.5,217808.9,303094.5,245870.4,223507.8,318590.3,527140.1,317306.4,299313.3,223319.7,257143.1,259015.1,425252.8,919568.8,319353.7,309605.2,228959.6,302137.5,210485.1,259825.2,437198,311460.1,236641.6,289696.5,225146.6,386708.6,638416.8
P145,D145,2012-01-01,525722.7,163899,351280,197426.9,309545,276025,548416.1,217208.7,304690.1,245201.1,228108.8,324158.6,509472,319503.2,299885.5,220724.5,254452.7,257406.3,428084,929644.3,317885.6,308274.3,231108.5,301660.8,213513,257635.5,434897.6,314802.2,234451.7,287957.2,224073.9,398087.5,653185.1
P146,D146,2012-02-01,510537.1,163607.2,352047.8,199185.9,305248.3,278473.8,550841,217908.3,308314.6,241211.3,230168.6,310732.8,518104.7,323169.8,298115.4,220202.3,256005,260827.6,433723.2,933654.1,317949.5,313346.4,233837.8,304217.7,210450.7,258660.6,442193.9,316878.5,233933,281664.4,225213.6,391740.9,654620.5
P147,D147,2012-03-01,527408.3,164437.5,348611,198638.1,305559.6,276013.8,568978.9,218199.1,305322.9,238118.6,232272.6,309636.5,530216.6,325927.6,295844.4,220041.4,252970,257915.2,435820.4,941250.7,311914.2,314537,233357.6,305832.6,211700.8,258462.9,442764.9,315910.3,233525.9,277388.7,224065,389385.8,642526.8
P148,D148,2012-04-01,524290.4,164731,351150,199592.8,297524.7,277342.1,574961.8,221231.9,304805.4,238950.6,233684.2,311294.5,554481.7,331233.1,298045.9,219154.2,254684.8,260539.7,440524.8,970715.4,312482.1,318902.3,231970.2,306942.8,209249.7,262919.4,445566.2,316547.4,235097.2,275452.8,225589.4,384882.6,650451.7
P149,D149,2012-05-01,573532.4,166503,353469,200115.7,301924,277755.9,575996,221817.1,310930.9,241600.7,235995.7,316720.9,552495.1,337371.2,296495.4,219793.6,256015.9,262525.2,453351.2,974635,318792,323925.3,237462.6,312768.2,213290.1,266408.9,446786.8,330786.5,237807.7,273785.2,228913.7,402781.4,664967.3
P150,D150,2012-06-01,542517.7,168049.1,361667.3,202550.4,312586,281963.1,575349.5,223322.7,321733.9,246589,238692.7,321176.1,568853.1,342146.2,304640.2,220177,258456.3,267724.9,454417.2,1030803.1,322871.8,333272.5,240272.3,318601.6,212423.4,267446.4,457135.2,339161.4,238754.4,282398.8,232594.5,409834.4,704720
P151,D151,2012-07-01,543036.9,168007.2,362335.3,203974.1,323765.2,284387,600405.8,222293.4,329311.6,247629.8,241182.6,324415.9,580568.1,343104.3,303114.4,222616.1,261570.1,272301.1,435076.5,1032875.3,325938,335266.2,243276.7,323413.3,216462.9,270005.5,468670.2,348367,241191,283469,236795.8,422025.2,711876.6
P152,D152,2012-08-01,496168.2,166179.7,362585.6,205196.5,333734.1,286912.3,614424.4,222026.3,330625.6,252055,241372.1,333001.9,592531.9,347970.1,310416.8,221084.3,262452.9,273858,423992.9,1042777.3,329393.6,338402.3,243509.6,326136,214977.1,269619.7,470964.1,340003,239079.3,290364.8,236018.1,426869.5,739683
P153,D153,2012-09-01,525970.5,165304.5,367108.9,205409.4,323625.2,284966.8,613483,223035.9,326082.5,254221.9,240643.7,337488.9,588823.8,352263.7,310984.4,222991.9,265773.1,276541.9,429896,1058206,332547.5,334409.9,248600,326349.4,214193.9,272872.4,465848.4,337481.3,241415.2,289175.2,235160.6,429769,730967.1
P154,D154,2012-10-01,521769.4,165327.7,366526.6,205919.1,319366.7,286087.2,594506,223602.3,325861.7,255359.4,240143.9,334252.6,603875.8,353667,317281.8,223245.3,268132.8,276190.8,446416,1077366.3,336852.6,338429.1,250508.3,328430.9,211657.6,273061.1,456331.1,331380.8,242476.9,294066.7,231511.8,421101.5,736038.6
P155,D155,2012-11-01,521448.3,166508,365376.1,205592.2,314303.6,285691.6,596278.1,224418.1,329404.5,256116.7,239732.6,340411.2,594072.5,350271.6,313279.8,225450.8,268474.7,275007.6,461721.9,1071777.7,332015.6,334410,247601.8,321515.3,211473,269169.1,462002.7,334333.8,244326.7,293979.3,231967.9,415508.7,729043.7
P156,D156,2012-12-01,491528.8,167813,361370.7,206956.1,322170.5,288681.6,620350.6,226742.1,327287.6,254951.7,241770.1,342619.8,611486.9,349603.1,310751.6,223743.4,266728.8,274659.3,462058.7,1044834.1,336287.8,336415.8,245358.5,325044.7,214504.4,264683,466141.1,347838.8,244047.1,295733.5,236813.8,420718.1,745032.2
P157,D157,2013-01-01,465451.3,167918.8,362880,209191.5,325755.6,286846.5,627541.2,225826.4,325025.3,257976.8,243317.9,350965,601380.1,351746.1,306539.5,220136.3,265335.6,272498.1,477204.9,1067549.8,335601.8,331659.7,242540.2,329699.7,216276.2,262874.6,473974,342616.3,243568.2,293974.5,236855.6,429429.6,736489.3
P158,D158,2013-02-01,499206.7,169460.7,363063.9,210775.8,323824.7,285701.4,651997.8,224199,322278.1,254621.1,244672.6,352970.8,618330.5,355898.6,309376.1,220162.4,262471.5,270716.9,467113.4,1060810,337033.1,340892.9,244549.9,333548.2,217656.1,263623.2,474164.1,352306.6,243275.3,294609.6,239893.2,440102.7,733268.7
P159,D159,2013-03-01,527874.1,169413.8,363754.4,210529.7,323030.7,284151.3,635099,223504.1,321594.4,255208,246865.2,355011.5,616966.9,360945.6,310967.2,220310.8,261560.7,278596.5,473634.7,1076418.5,337695.1,346215.4,245290.7,328434.9,218740.1,267799.5,474809.7,330016.1,243096,287166.8,239644.1,434679.3,730982.2
P160,D160,2013-04-01,590684.7,169967.7,361907,210864,326443.6,287189.8,649540,224769.3,328639,250979.1,246976.8,357095.6,610841.4,360083.8,310669.3,222966.6,263019.1,286085.5,475031.3,1043140.9,341148.4,351136.1,251255.7,327570.1,220203.2,267003.5,481102.5,347839.6,242913.8,291850.1,244410,441132.5,771733.6
P161,D161,2013-05-01,578036.9,170475.2,364637,210206.5,328625.3,289505.6,651476.2,230346.2,331102.7,253467,249862.9,358151.7,619405.5,362274.8,312443.5,225170.1,268040,293606.1,479123.4,1086592.8,346124.9,346608.3,253145,331119.1,221686,268190.2,482861.5,351784.9,248213.4,293106.5,250010.9,439485,786436.1
P162,D162,2013-06-01,662700.3,172651.8,367753.9,210388.4,334340.7,294243,671438.9,234713.4,340097.3,255050.6,248787.1,362160.6,608410.6,351241.5,315395.9,224957.7,271751.5,290397.6,485856.3,1122471.2,342177.7,351149.8,257015.9,340065.5,224761.9,270453.5,489625,366355.3,250480.2,304279.8,251846,448359.1,793530.7
P163,D163,2013-07-01,651116.1,174604.3,377519.9,209984.3,336231.8,297144.7,685330.1,238169.7,344200.2,260420,251706.4,368133.2,626507.4,364191.5,321904.1,227202.8,272368.7,291505.4,491033.8,1159558.6,341028.8,361264.8,258118.2,347030.9,224133.3,277577.1,491191.6,363506.7,253393.5,306443,256557,455531.8,786473.4
P164,D164,2013-08-01,645847.4,173720.5,382032.3,213353.7,347721.3,301768.8,707359,240105.5,347294.1,266534.6,254632.8,379507.8,625932.3,374891,324905.6,226306.2,271614.5,296701,505020.8,1189245.3,341750.8,367314.8,264741.6,357293.2,224816.7,280870.2,504618.8,362032.8,254848.1,309365.5,258568,467455.1,779456.8
P165,D165,2013-09-01,529618.8,174761.5,385304.3,216048.1,353281.7,303569,705754.8,240105.5,348838.8,268408.3,258940.3,394812.8,656485,398046.4,326113,228984.9,273029,300388.3,510599.7,1217728.8,350118.9,377423.1,270976.4,364497.5,224015,282995.9,509785.9,372362.3,256554.5,311869.9,264711.4,484745.5,814184.5
P166,D166,2013-10-01,527374.2,176820.6,385628.6,218834.4,355724.6,306432.6,689918.3,242224.2,345781,271406,260391.1,392764.8,663807.8,399199.2,327432.4,231248.3,276683.5,303708.5,515580.6,1172513.6,354994.4,387491,277733.4,359064.2,223556.3,283749,512941.6,376014.2,260492,324529.1,266434.6,481145.1,834514.7
P167,D167,2013-11-01,546793.2,181909.7,390597.6,219390.5,361040.9,309175.7,662700.5,243100.2,349247.4,270459.6,263672,397691.8,663612.9,398220.8,330422.3,233488.7,278966.8,301045.8,529149.6,1168769.8,358743.2,394045.3,280693,356978.7,228005.4,285106.2,506504.4,376147.5,261968.1,339743.7,269068,482712,854946.5
P168,D168,2013-12-01,615401,183098.9,392168.3,222076.3,359846.3,314302,671214.9,246215,352969.4,274721.1,270966,402761.3,666669.7,390063.4,336603.6,236210.9,282296.4,301677.6,539845.7,1154072.9,362452.5,400387.4,283720.8,359231.3,229560.8,287656.5,503809.4,388015.8,265231.2,351674,273184.4,484071.1,857653.4
P169,D169,2014-01-01,625001,184883.7,398384.3,224320.5,365189.9,315709.3,695470.4,249311.4,364514,273452.4,276452.4,415052.7,666571.6,402645.6,338589.8,238219.8,282891.8,302920.1,548118.6,1204771,369306.5,395103.8,289573.5,377855.2,234333.8,289684.2,512941.7,396213.3,269434.1,355235.4,279085.2,497300.3,855066.9
P170,D170,2014-02-01,648359.4,185428.5,403842,226519,364592.3,318485.7,719848.4,253191.6,370619.7,275164.2,278805,423298.4,682453.8,400241.6,338069.8,241908.1,286928.5,303205.8,551565.5,1198222.4,376687.5,406242.7,292585.4,386133.1,234168.7,291686.8,516210.1,401255.8,272240.7,360798,287032.1,508624.1,879566.3
P171,D171,2014-03-01,654629.4,189876.9,411452.6,227502.6,367413.8,319079.2,720064.3,257225.2,377756.3,276980.4,276156.6,433503.3,681088.3,404694.6,339746.5,245103.4,287161.5,306568.8,557871.9,1209577.9,384834.7,401811.3,296957.5,392126.2,234548.5,289191,534264.4,395415.1,274933.7,367789.4,290181.7,516857.4,877610.4
P172,D172,2014-04-01,665262.2,193076.7,414854.7,232024.2,379175.3,327862.6,728942,265666.9,384904.5,281240.7,283713.8,440754.8,691361.9,402451.3,345557.7,250367.8,291282.4,304118.9,558630.5,1231111.5,391612.7,413723.5,301437.5,397959.6,242493.4,290221.1,554545.8,397813.7,277918.1,376185.4,295647.1,529299.9,890320.2
P173,D173,2014-05-01,682662.5,196620.4,421203,236203.6,391225.2,336865.8,746937.9,271043.7,395085.3,285433.1,290617.3,452303.6,696569.2,420345.8,352323.8,254227.7,300060,309376.7,570688,1263467.7,395974.5,423947.8,312790.5,408271.8,249074.8,293704.6,574048.2,417813,281158.7,380179.5,301593,542335.2,896171.4
P174,D174,2014-06-01,697309.3,198039.8,428806.2,242494.6,400902.3,347890.7,769628.4,274343.5,405195.9,289656.6,305404.6,460254.8,713339,436432.4,355957.8,257605.6,307903.5,313803.1,581266.7,1297755.1,404271.7,435515.4,316671.1,427035.6,257977.2,300479.2,586768.4,426532.3,284984.4,382091.4,309114.3,556613.6,923345.4
P175,D175,2014-07-01,724282.3,201936.1,438504.8,249852.9,404163.6,357091.9,787361.4,276361.3,413032.5,297079.8,304855.8,469549.7,740943.5,447312.6,361408.3,260947.6,313332.1,331298.3,599522.6,1345615.6,414460.5,446018.9,321963.9,436044.5,263542.3,306623.5,598031.2,437381.8,289551.7,380477.6,321200.5,564032.6,941640.9
P176,D176,2014-08-01,761543.7,204974,446442.7,255182.9,406619.2,362180.6,794040.1,283801.4,422701.3,304944.4,313801.6,480141.1,762631.3,456498.8,365767.1,266686.2,315051.2,341611.5,610837.1,1347029.9,426371.6,449301.6,327107.8,452100.6,270520.8,311111.3,607598.8,441661.7,297731.9,386155.7,329446.9,573212,949689.7
P177,D177,2014-09-01,753704.1,210412.1,450728.3,258619.3,414027.8,369783.9,803461.2,290460.2,423807.9,308965.5,311768.6,481365.6,773678.5,465220.2,374181.5,270886.3,318436.7,347664.3,620725.4,1344464.1,427662.7,462535.4,332221.8,446961.2,276291.8,312776.3,615843,456360.2,308555.9,391887.3,340698.2,570702.8,953216.1
P178,D178,2014-10-01,763368.7,213902.8,451041.4,258267.3,410328.5,372018.2,780637.7,294573.9,416777.4,312717.4,313948.2,483110.4,763041.3,470302.4,379166.3,273962,320560.5,346245.8,616688.8,1334423.1,425277.2,463981.5,331337.2,449145.2,278469.2,316407.1,610018.6,458333.9,313165.6,401869.7,342013.2,566963.8,955882
P179,D179,2014-11-01,762734.8,216631.1,448523.5,260538.7,412968.7,374419.7,769852,291729.8,413241.9,313472.2,311782.8,466708.2,746423.8,464234.6,386887.3,274137.4,321913.7,345726.7,601114.7,1365050.4,427595.7,457790.8,331716.1,434193.3,279107.8,321365.2,609361.5,457005.6,313785.3,399719.9,341818.4,554007.5,974046.5
P180,D180,2014-12-01,773768.3,218284.7,450576.6,261987.5,419643.1,372899.3,761593.9,290220.1,412835.3,315082.7,312910.7,470618.8,735096.1,459312.9,391893.8,277155.4,323861.6,341770.3,605026,1319379.5,429221.5,447526.1,335388.8,431895.6,279219,326699.4,605032.1,447422.7,310124.7,404510.9,341382.1,554230.8,975871
P181,D181,2015-01-01,783666.6,220070.2,461382.5,261751.3,422944.1,372855.6,769724.2,288818.9,412383.4,316066.4,317461,469390.5,732363.6,455942.2,390704.6,277717,330607.1,335139.8,616322,1313356.8,426903,441235,340347.5,424474.9,278132.4,325047.9,593230.4,447193.9,307545.5,407228.1,338714.3,553840.7,976648.8
P182,D182,2015-02-01,760549.5,222918.6,471362.7,261295.7,420874.4,370457.6,769170.8,290154.7,412001.7,316689.5,317091.5,480167.8,735010.2,452703.2,390584.8,279585.1,335058.4,329890.4,636241.8,1287616.4,421759.6,438618.2,343254.6,429906.8,279869.9,327255.5,591959.5,444793.8,310645.2,409418.6,337204.5,560272,979436.3
P183,D183,2015-03-01,767206.6,222416.9,473232.8,261084.4,423953.6,369932.3,756915,292750,411635.6,319393.5,315068.6,477175.2,743178.5,448991,387555.1,280770.8,338726.1,335899.6,630006.4,1306556.7,424483.8,443178.9,340786.5,434993.5,282742,326566.9,593409.7,445189.9,311024.7,405580,335742.6,561250.6,966294.1
P184,D184,2015-04-01,729148.1,222176.3,472033.2,261865,429921,370450.3,749621.3,295858.8,418825.7,321755.8,313538.7,494044.5,751604.1,454499.3,393543.5,280777.8,339858.4,339849.5,641171.8,1291645.5,430152.1,445243.4,341075.2,437946.6,287539.1,330581.8,605762.9,446846.1,314051.3,409026.3,339615.4,561529.6,945095.2
P185,D185,2015-05-01,762814.7,221825.7,466124.8,264487.7,440208.6,377117.7,745684.4,297565,422372.3,324720.7,319770.1,506157,763256.8,461901.9,396812.4,283068.1,342641.3,347485.2,644322.4,1306191.7,428175.3,459886.6,343797.3,444390.2,291589.7,328815.2,603858.6,457925.7,314506.7,422345.5,342504.8,556144.3,922584.5
P186,D186,2015-06-01,776509,227557.9,473321.8,267392.9,435950.6,382265.8,770154,299875.9,430233.5,328529.9,328021.9,515433,770977.2,468982.2,401894.9,284547,345461.8,349265.2,651604,1293028.2,429603.3,467797,349762.3,445612.3,293256.4,336842.8,607109.3,466241.6,316575.7,429688.9,350957.7,556659.9,928565.8
P187,D187,2015-07-01,779096.6,235702.4,470262,275330.4,438513.3,384312.6,793213.1,306205.7,439528.5,335380.8,338278.7,519468.7,772831.8,473658.7,406671.5,291467.3,348921.7,354912.5,646180.4,1328276.1,434522.6,484639.8,357303.8,464604.7,297452.6,342833.4,614134.3,475937.2,323504.6,426683.8,355647.1,568399.4,958775.8
P188,D188,2015-08-01,760243.1,241734.7,478796.1,280370.6,443363.4,389249.2,819743.8,313111.7,445828.7,344108.7,341027.5,525032.1,780423.1,488665.1,418115.3,294484.5,357136.5,358655,646005.5,1316115.9,449425.5,499509.8,360026.2,469369.5,301503.8,351663.4,632845.2,482318.5,327395.7,419833.6,366329.4,584058.9,935637.9
P189,D189,2015-09-01,767464.3,243479.2,484486.8,286280.9,449823,393831.1,833333.9,320175.4,453922.6,350229.7,341715.9,523695.7,779596.2,508006,424055.8,299875.1,364788.6,365748.9,657610.4,1353678.6,450684.9,508248,368740.9,480329.7,308542.5,355374.6,643019.1,485698.9,334098.7,421778.6,371423.4,589801.6,971985.3
P190,D190,2015-10-01,781357.7,243538.6,492109.8,286189.9,461859.6,401827,828315.8,323263.1,462653.5,353796.9,343039.9,522113.1,766033.7,514514,428841.7,304680.9,373029.5,364874.5,656969.6,1268779.8,450728.9,499211,370543.8,480044,313025.3,363223.8,654907.3,487628.8,335502.5,426900.7,380366.3,593325,963913.8
P191,D191,2015-11-01,741727.3,246955.5,499850,288718.2,455424.9,404754.4,816647.7,326503.9,474405.4,355745.6,346944.2,520051.7,762768.5,521417.8,428609.7,310576.6,376566.1,366734,652896,1295077.7,449012.8,487265.2,370216.8,489855.3,317550.5,368279.3,644455.3,485993.4,338618.6,440717.4,385214.4,592968.3,1013362.5
P192,D192,2015-12-01,713252.6,253145.4,501292.9,295744.4,468583.6,411123.7,796767.1,330485.7,475935.4,359624.5,360227.7,528858.4,771960,518351.8,435863.8,314587.8,380184.5,368802.3,638444.7,1264909.4,460578.2,484535.3,374744.6,490897.9,319493.4,369059,640645.2,488642.5,341716.6,444124.5,386440.7,594043.8,1013416.9
P193,D193,2016-01-01,736788.5,258757.9,512166.3,307550.2,469515.9,413460.2,808530.5,332811.5,470506.9,364188.7,365319.4,546501.8,770697.4,519382.7,437028.4,317748.6,384181.4,375818.4,638495.8,1335350.5,465254.3,491178.1,384975.2,487335.1,325989.7,371307.4,643448.4,495497.3,343907.5,458754.5,391911,596494.3,1024446.7
P194,D194,2016-02-01,765643.6,262861,509863.3,315289.4,482554.9,416896.7,827590.4,337821.5,471280.3,367809.4,365733.8,556674.9,773192.7,512198.1,444319,323930,390840,376991,628362.4,1294602.6,468323.3,501992,396967.7,482794,329608.9,377716.6,653025.3,498894.5,351088.2,460405.3,404347,593982.7,989059
P195,D195,2016-03-01,794754.3,266208.9,513342.2,314140.4,473554.2,418642.4,854686,342037.5,473104.9,372205.1,360460.7,566460.9,765504.6,510397.4,447037.9,331305.2,393896.7,382232.3,646021.4,1319174,470972.1,512536.3,399893.1,495204.8,336144.1,388150.8,662897,513355.6,354131.3,469410.3,411147.6,602144.1,971279.3
P196,D196,2016-04-01,805320,266743.7,517408.3,311888.6,485098.6,422300.9,838254.5,348189.7,477227,378214.8,366842.7,535302.9,778279.8,511922.3,451488.2,333585.3,394461.5,383043.2,640534,1303324.3,478030.1,514091.7,400771.9,503813.2,337626.5,388739.4,647204.9,514788.7,360226.1,456739.8,410743.1,604127.1,966368.9
P197,D197,2016-05-01,845579.5,268080.5,533675.7,314430.7,488299.2,425209.8,807400.7,352807.7,469889.9,382086.3,376365.6,515687.2,774019.4,524867.6,451185.6,337017.8,397011.9,392697.3,645784.3,1282707.9,488828,510867.4,404005.3,514101,343813.9,389069.1,654691.8,517877.6,363180.7,450420.9,403535.9,613096.1,1007474.2
P198,D198,2016-06-01,907964.7,269318.5,539830.2,320635.6,493629.2,432272.4,770905.2,358488.5,477207.5,384296.7,380772.2,500430.3,778275.6,530877.5,449361.9,339384,401761.2,388954.6,632660.3,1246351.5,495559.3,509850.1,404973.6,513336.3,351367.7,388322.4,654185.7,503827.2,369743.5,439720.4,405638,609995,1017286.2
P199,D199,2016-07-01,911826.8,274242.5,535272.3,325380.5,494640.7,439331,753956.4,363898.5,478452.8,387870,379563.5,515654,759728.9,541365.5,454259.9,347875.4,407913.2,395610.8,648907,1229599,497133.7,522676.1,410646.4,511127.8,355960.1,394381,677067.3,505215.6,373699.1,443470.8,413812.5,614052.1,1025447.7
P200,D200,2016-08-01,848269.4,279483.7,532357.9,326877.6,489421.4,443017.6,769511.5,369721.8,483847.1,394132.2,379423.6,525754.5,749874.6,531544.2,461109.3,350705.5,407473.3,398008.1,657819.5,1206813.5,491205.2,529867.1,409738,509854.9,359410.5,399449.4,670081.4,508908.3,376311.1,449286.5,415578.8,609803.2,986768.2
P201,D201,2016-09-01,780527.3,283653.5,534921.1,329408.1,499182.4,438326.8,786865.6,369069.5,477486.3,401714.4,378395.2,537761.2,730645.9,541345.7,461613.9,356744.5,405837.9,388795.6,647013.7,1226681.3,482733.2,530361.1,411193.8,505887.2,362357.8,403091.8,666263.1,518430,375151.9,463713.7,416108.3,612944.4,967520
P202,D202,2016-10-01,792664.3,286210,533792.7,330193.7,504664.6,430089.6,805146.4,368082,477265.8,400662.4,374524.4,546368.3,720857.5,537787.1,465171.8,355899.6,406858.7,384390.9,634621.5,1217676,484220.6,521629.6,406336.3,504287.1,359279.5,401346.9,639088.3,521833.3,374922.8,465361.8,420219.9,617955.9,961901
P203,D203,2016-11-01,818662.7,285853.4,526421.5,331942.7,502654.1,427362.8,830454.5,363662.2,475630.2,398232.6,371158.5,557601.7,723129.5,535334.2,459734.6,356721.2,407782.3,379542,637572.7,1295310,486863.5,517640.6,403530.9,489174.6,360641.8,398303.7,639468.6,515504.1,371406.8,467870.7,430892.5,615152.2,999384.2
P204,D204,2016-12-01,811785.7,285621.9,522223.3,331024.5,490417.7,429187.3,832125.7,363571.3,485390.2,394465,374293.2,548758.4,736962.7,535097,464037.3,350729.6,411479.4,391460.2,647853.4,1357230.7,490877.9,512057.8,398752.1,486293.1,353282.1,402169.3,637708,509843,369868.7,460400.4,433856.6,615143.8,1029584.8
P205,D205,2017-01-01,820305,282441.1,532924.5,330065.8,472372.9,436538.1,856070.2,363241.1,489364.3,391874.3,376667.6,561445.5,755420.7,551094.6,457831.8,352068.7,410397.3,399157.4,639571.3,1394421.5,487327.3,509709.8,401025.4,483395,355298.3,408457,655125,504332.4,365567.1,458311.9,435681.6,603454.8,1040211.1
P206,D206,2017-02-01,820665.4,280697.7,540501.1,328823.9,475607.9,436074.7,824402.9,367221.2,489687.4,386269.7,380158.9,551580.3,764386.8,567199.5,465420.2,354491.7,414500.1,400436.9,622393.3,1412254.7,491493.1,507253.6,403608.6,495771.8,359314.7,405705.5,654375.9,503544.7,366941.4,470185.6,430742.1,607906,1073991.4
P207,D207,2017-03-01,853943,278212.6,549401.2,328858.2,484944,435582.1,813907.1,368767.5,485942.1,383142,378680.1,535380,751021.5,558971.1,466479.3,357490.8,413466.1,410459.3,621583.4,1380049.5,485291.3,509025.5,411087.3,495230.3,364544.4,402919.8,661515.2,514567.6,371233.5,462762.4,437021.1,622345.3,1060969.2
P208,D208,2017-04-01,906145.6,280567,543699,329046.2,488416.2,435137,799226,369561.6,482245.2,389127.6,383770.3,513916.4,773941.2,545403.7,476522.3,354342.3,411932.8,410358.1,638977,1399838.6,490757.2,509497.8,406509,512213.1,365239.8,397410.5,663700.7,516808.4,376230.5,465198.2,429416.7,630713.2,1109053.9
P209,D209,2017-05-01,939911.6,286017.5,544993.9,333651.4,490061.6,440151.6,815493.7,368801.4,486263.3,396608.2,384705.4,504454.9,755142.7,548123.5,474677.8,351822,409104,404888.7,659547.9,1388174.3,490577.9,518126.5,407047.4,514737.8,365853.5,406696.6,671200.6,525315.8,377365,448448.2,432326.9,629146.3,1098770.4
P210,D210,2017-06-01,930978.6,289569.2,531344.4,336979.6,492334.8,443763.1,843238.7,373121.8,483875.3,401482.9,395263.1,533173.1,755917.5,559881.9,473768.7,354891.7,410610.4,395163.3,665436.7,1341276.3,498755.7,524986.6,405194.4,520540.3,362237.1,402584.7,674208.5,526415.4,379352.4,452345.4,425960.9,620501.1,1088417.2
P211,D211,2017-07-01,854797.5,291726.5,527928.4,344041.4,491003.3,445257.7,865076.2,377037.9,489318,403277.7,404447.4,547195.8,751823.8,568447.6,466812.1,363883.7,415979.6,394568.1,667847,1304185.8,495343.8,532804.2,414254.5,509666.4,363805.3,409096.7,674637.7,529380.7,380600.8,449169.6,435802.2,624170,1058953.1
P212,D212,2017-08-01,847515.2,290873.6,526274,344533.1,497966.7,444170.7,864774.2,378138.6,489528.1,403238.4,407518.2,572513.2,781392.1,568715.5,468563.2,367643.8,414580.3,402394.9,673818.4,1257857.2,493835.6,530919.7,417866.5,517429.2,362139.1,411122.7,682375.1,535586.7,382744.9,445789.4,437949.3,633923.1,1039916.8
P213,D213,2017-09-01,836712.1,292454.4,537949.6,339916.8,490455,444061.8,864025.6,378735.8,490186.1,404380.7,408224.7,575699.6,760421.4,568319.6,471495.3,369707.5,419609.8,397507.7,671124.9,1270791.7,497998.1,529471.4,423263.3,520356.4,370246.1,421371.5,674182.1,531707.4,382107.6,453194.6,444347.5,626923.9,1046547.5
P214,D214,2017-10-01,818603.2,293280,544010.2,335917.3,488887.4,442888,834488.7,375254.9,483563,398957.5,399837.1,575625,752716.2,558573.2,480064.8,367305.7,418970.6,397887.5,658518.3,1277373.4,498098.3,523215.2,417565,533612.5,368947.2,422356.9,668541.2,524132.9,381470.5,467518.7,442503.7,615799.9,1038948.2
P215,D215,2017-11-01,789808.5,293787.6,540874.6,336437.3,485956.2,445099.9,847088.3,375193.1,479902.1,398356,396064.4,563576.5,743845,546327.6,475193.1,366522.7,416511.2,395498.2,644541.8,1341656.3,492069.8,516182.7,416230.3,524637.9,361136.1,419973.7,653421.1,494521.8,381554.6,469532.9,441251.1,606234.7,1038773.1
P216,D216,2017-12-01,777198.1,292878.9,537645.9,340637,497895.2,444204.3,845948.3,373943,470550.2,395930.5,386435.6,557379.6,744778.6,551153.2,473524.4,365657.7,410731.7,404938.5,638404.1,1359000.4,484969.7,509623,408548.7,515890.4,348758.7,417571.4,651658.1,486155.1,378002.3,464762.1,442520.9,598124,1093171.1
P217,D217,2018-01-01,801538.3,291559.7,530906.3,342204.3,497116.8,446103.1,862533.5,371857.7,473866.5,396006.2,387532.7,551110.1,725945,550597.8,472755.6,363972,406186.1,402638.8,648837.9,1466575.5,490112.5,514360.3,407990.3,500050.6,343819.5,422646.4,641126.6,490457.1,375252.3,446858.7,448424.4,594926.1,1113365.3
P218,D218,2018-02-01,777687.7,292888.6,531558.9,341760.8,493464.6,446121.3,878888.5,371399.1,475162.2,397559,388580.6,552218.1,710017.6,558652.3,474004.5,366132.9,408050.1,401086.4,638971.4,1384654.3,493620.1,514705.9,406203.3,496026.9,347003.8,426645,638407.2,512423.5,371644.9,441627.2,448401.9,595471.9,1104669
P219,D219,2018-03-01,749894.7,292380.8,539683.5,340874.3,482860.1,441540.7,858655.7,367453,481879.3,397397.2,389140.4,530475.4,726951.2,548381.2,471365,366899.2,406778.5,393467.5,643101.3,1395360.2,494538.6,509136.1,406962.3,494667.8,352962.7,425996.4,641956.7,512637.4,376126.7,442181,441630.7,592858.4,1077030.4
P220,D220,2018-04-01,759595.2,291111.9,544467.9,340145.8,483783.8,440988.2,866136.9,368828.3,478834.1,397799.9,387172.4,528879.7,709388.3,554716.9,465305.8,371338.5,407900.3,390158,632729,1328289.8,495894.2,514685.5,409618.8,493747.8,358801.5,414832.5,650566.1,509901.1,377851.4,452330,429301.4,595962.7,1027833.6
P221,D221,2018-05-01,779330.4,290925.6,537570.5,338291.9,485430.8,436449.6,833835.8,371318,470185.7,400955.4,391469.5,533476,711409.7,550998.7,460209.6,373182.7,412700.3,397540.8,657569.1,1296501.9,500540.3,516345.6,411425.7,500988.8,363620.3,415539.5,657812.9,499262.9,381341.1,465817.5,430065.5,598490.1,1029590.6