Volume_id,Date_id,Date,City of London,Barking & Dagenham,Barnet,Bexley,Brent,Bromley,Camden,Croydon,Ealing,Enfield,Greenwich,Hackney,Hammersmith & Fulham,Haringey,Harrow,Havering,Hillingdon,Hounslow,Islington,Kensington & Chelsea,Kingston upon Thames,Lambeth,Lewisham,Merton,Newham,Redbridge,Richmond upon Thames,Southwark,Sutton,Tower Hamlets,Waltham Forest,Wandsworth,Westminster
V1,D1,2000-01-01,24,182,489,337,346,451,269,505,361,451,233,215,302,335,338,270,369,344,181,385,242,413,380,336,348,372,334,331,325,328,368,576,593
V2,D2,2000-02-01,55,191,463,330,339,552,282,550,420,444,262,235,270,306,299,244,350,323,188,355,235,436,421,303,389,338,326,363,346,352,374,610,463
V3,D3,2000-03-01,48,216,659,368,425,618,351,655,530,559,378,280,393,423,338,345,462,409,276,484,339,549,541,416,474,473,427,438,397,468,478,766,662
V4,D4,2000-04-01,58,214,550,359,354,589,301,589,494,424,292,230,360,295,317,281,436,335,246,425,326,501,427,338,381,361,390,415,323,479,370,645,562
V5,D5,2000-05-01,38,240,600,393,393,622,292,505,411,501,298,236,317,373,332,321,438,298,289,375,316,557,485,391,380,419,322,412,394,503,430,655,563
V6,D6,2000-06-01,60,294,615,407,440,642,312,585,467,485,365,264,319,427,371,419,531,394,306,374,327,593,524,385,469,447,357,458,423,493,466,710,541
V7,D7,2000-07-01,33,305,542,420,390,561,310,466,532,514,338,229,263,381,345,334,439,326,285,312,333,547,472,358,382,472,398,487,395,530,447,656,476
V8,D8,2000-08-01,22,240,544,387,386,616,290,439,454,474,340,222,290,324,376,355,469,372,236,294,272,537,483,345,411,463,330,431,405,350,453,648,432
V9,D9,2000-09-01,20,223,535,343,341,455,266,402,396,483,323,175,288,336,332,286,431,350,246,306,278,478,406,275,378,392,296,414,301,395,421,513,437
V10,D10,2000-10-01,19,196,475,325,316,456,258,396,422,445,315,185,227,315,309,293,389,296,201,336,274,428,389,315,404,391,267,388,347,342,366,526,457
V11,D11,2000-11-01,18,227,500,320,311,502,257,461,392,475,334,200,240,269,282,292,371,281,240,317,269,410,398,320,406,369,247,390,327,357,416,557,546
V12,D12,2000-12-01,33,285,553,380,384,485,289,524,388,473,306,243,255,308,275,321,393,309,200,333,317,431,416,282,424,428,282,406,377,429,361,615,478
V13,D13,2001-01-01,24,215,450,369,306,407,275,352,377,425,269,227,253,323,240,257,297,321,213,276,216,419,334,295,360,318,261,334,280,322,354,528,418
V14,D14,2001-02-01,37,238,388,331,297,410,210,407,354,411,267,180,222,253,272,302,274,273,212,277,227,340,352,273,345,397,261,323,270,385,332,476,367
V15,D15,2001-03-01,44,274,537,379,363,550,263,500,476,506,386,287,271,312,343,338,345,364,248,394,290,497,431,377,436,473,345,437,411,425,427,656,497
V16,D16,2001-04-01,38,241,527,328,399,547,267,501,456,466,281,262,306,340,308,377,312,357,253,335,321,459,387,355,384,434,354,383,408,392,403,649,500
V17,D17,2001-05-01,30,283,613,422,345,711,308,526,516,615,431,284,305,385,335,395,358,382,250,364,325,492,454,416,445,529,405,449,408,449,436,789,510
V18,D18,2001-06-01,36,292,659,442,425,656,352,665,594,700,474,315,357,404,408,404,460,439,293,341,405,581,504,451,562,526,467,554,460,510,513,799,516
V19,D19,2001-07-01,40,289,693,506,457,794,333,754,575,698,424,292,354,456,426,410,441,436,384,424,345,623,565,441,456,543,542,495,479,496,493,798,586
V20,D20,2001-08-01,30,321,753,538,491,830,389,753,678,750,477,322,415,484,454,561,488,475,338,367,428,694,637,510,494,610,556,544,486,482,553,832,566
V21,D21,2001-09-01,30,251,569,435,408,665,350,549,546,646,496,278,302,378,377,416,449,402,252,321,341,434,499,366,433,473,424,361,365,434,459,631,480
V22,D22,2001-10-01,26,270,566,514,463,704,281,607,508,681,458,298,289,408,360,414,433,347,301,300,380,490,493,422,474,581,362,501,438,383,488,647,433
V23,D23,2001-11-01,15,282,581,540,430,681,291,738,544,671,409,292,312,424,416,415,444,327,286,295,361,477,455,386,539,447,379,449,462,316,458,699,473
V24,D24,2001-12-01,17,247,467,466,341,567,271,560,413,504,401,252,206,315,355,370,374,318,229,246,290,392,391,347,538,389,288,351,365,338,351,578,400
V25,D25,2002-01-01,30,216,501,319,315,445,237,455,412,440,282,185,227,272,246,260,344,275,186,281,280,340,428,280,369,348,265,309,298,258,330,531,373
V26,D26,2002-02-01,12,198,482,367,313,498,243,561,390,487,303,230,229,300,249,301,314,257,190,264,248,371,388,290,385,399,273,333,297,297,400,514,403
V27,D27,2002-03-01,47,261,574,470,408,620,296,637,500,599,477,305,313,343,340,414,405,353,241,442,358,480,432,406,548,431,349,374,392,380,413,641,498
V28,D28,2002-04-01,31,285,585,458,384,680,341,611,473,623,427,284,315,364,374,436,462,358,247,401,326,495,466,379,467,452,447,384,348,416,441,699,566
V29,D29,2002-05-01,30,335,666,633,451,807,406,894,662,733,575,388,456,411,416,516,555,567,371,470,464,630,558,503,545,612,541,502,515,535,523,892,573
V30,D30,2002-06-01,25,307,603,481,396,729,325,644,461,522,463,294,317,359,343,401,445,425,257,406,328,512,468,404,412,485,454,442,465,462,408,736,589
V31,D31,2002-07-01,26,347,754,584,490,870,386,916,582,763,470,351,449,517,471,509,629,527,358,415,424,664,625,506,556,609,549,523,548,477,538,963,665
V32,D32,2002-08-01,51,350,761,515,459,852,379,841,657,736,504,388,387,475,448,456,621,442,368,445,406,639,704,510,489,644,634,490,470,502,495,876,573
V33,D33,2002-09-01,49,268,570,528,432,666,331,694,567,568,478,337,343,354,376,465,515,418,289,345,383,573,544,433,435,567,468,499,409,368,496,789,534
V34,D34,2002-10-01,19,312,615,461,383,618,323,774,552,653,461,346,313,389,383,373,468,401,237,350,392,576,528,375,447,573,404,380,423,354,444,689,493
V35,D35,2002-11-01,28,300,570,469,426,663,301,816,515,559,451,296,314,388,396,391,482,422,290,302,329,493,495,398,460,585,418,411,476,336,440,627,477
V36,D36,2002-12-01,44,270,634,453,346,610,283,661,457,554,504,252,282,360,439,359,478,412,273,282,316,507,497,359,401,520,405,354,374,330,360,553,514
V37,D37,2003-01-01,32,254,507,342,359,519,265,576,383,516,357,232,223,277,336,371,408,314,188,285,249,413,393,312,391,420,311,304,299,286,351,494,398
V38,D38,2003-02-01,20,219,427,369,300,466,205,548,400,498,298,194,218,256,279,340,381,286,173,206,262,341,389,287,349,425,224,333,286,233,384,422,302
V39,D39,2003-03-01,31,247,421,397,304,418,235,564,377,421,325,172,207,245,300,301,423,275,235,205,241,394,387,246,428,411,272,358,298,240,413,454,355
V40,D40,2003-04-01,30,254,434,375,271,488,198,551,376,456,355,178,213,289,299,295,343,289,188,178,248,306,373,286,388,411,294,330,296,225,328,470,365
V41,D41,2003-05-01,38,248,450,444,309,468,203,570,409,424,398,197,215,283,304,360,412,373,215,226,228,428,357,280,429,418,304,294,311,331,363,532,348
V42,D42,2003-06-01,84,325,463,378,346,505,250,571,452,508,470,251,286,299,301,292,417,379,236,207,274,443,398,270,464,425,344,371,361,298,404,498,420
V43,D43,2003-07-01,48,329,520,422,363,586,277,601,483,574,377,240,321,314,383,361,471,411,228,282,336,518,511,348,483,482,440,430,414,336,426,695,458
V44,D44,2003-08-01,46,339,574,468,395,695,296,707,575,526,477,263,367,348,419,401,534,412,292,333,305,497,523,419,435,490,496,404,412,361,417,739,452
V45,D45,2003-09-01,38,361,588,475,394,664,342,672,552,535,491,230,347,356,382,411,562,429,244,417,329,557,559,411,474,546,478,476,410,401,445,667,498
V46,D46,2003-10-01,33,347,623,542,409,703,305,727,618,668,419,267,331,445,399,515,546,425,277,360,386,549,561,436,584,591,524,427,469,451,525,756,523
V47,D47,2003-11-01,42,318,572,500,377,655,310,788,626,570,471,266,321,331,372,424,514,478,256,386,363,476,519,385,494,578,407,418,477,469,432,663,496
V48,D48,2003-12-01,38,374,629,482,399,708,264,671,498,625,504,274,283,384,409,434,507,478,272,366,324,516,550,414,474,487,441,450,452,461,443,754,474
V49,D49,2004-01-01,98,321,556,454,360,531,282,556,502,437,336,269,306,340,317,361,437,346,234,340,304,409,473,335,386,479,408,379,386,351,404,667,403
V50,D50,2004-02-01,16,297,500,413,313,539,274,575,510,532,390,258,276,310,283,373,464,352,216,308,296,425,404,346,385,410,328,356,346,345,370,578,372
V51,D51,2004-03-01,20,368,607,411,368,645,321,647,567,549,517,329,336,370,344,481,512,405,263,354,353,470,489,410,446,477,347,458,386,481,446,727,505
V52,D52,2004-04-01,25,302,599,456,344,672,346,692,554,499,457,324,359,391,362,385,453,415,313,401,410,552,532,416,426,505,487,438,465,496,456,820,521
V53,D53,2004-05-01,22,322,492,455,316,682,304,611,468,506,536,284,317,343,345,373,433,363,239,360,361,472,495,355,347,492,450,486,436,477,375,685,411
V54,D54,2004-06-01,38,351,713,459,411,786,396,696,595,565,600,316,345,434,416,479,554,451,272,363,345,663,544,475,465,574,493,566,462,516,475,851,494
V55,D55,2004-07-01,34,330,735,575,434,755,409,788,628,672,568,337,408,479,431,512,624,490,348,423,422,656,655,493,436,625,551,612,506,716,461,951,548
V56,D56,2004-08-01,46,316,618,459,377,719,384,674,521,574,532,288,337,411,348,453,466,421,253,317,318,649,582,451,451,472,472,507,423,568,418,793,402
V57,D57,2004-09-01,27,292,483,397,278,611,310,657,450,534,523,254,299,358,305,413,461,407,251,340,303,465,478,433,390,471,379,419,354,611,376,699,472
V58,D58,2004-10-01,24,254,491,336,314,538,267,640,454,476,411,254,253,315,287,337,433,353,223,275,297,442,442,313,361,398,363,393,321,405,360,643,358
V59,D59,2004-11-01,13,255,433,314,265,518,254,548,393,445,373,191,225,280,266,334,372,319,184,247,230,390,368,283,313,434,330,370,328,358,319,485,353
V60,D60,2004-12-01,14,208,464,337,296,537,213,502,366,423,396,218,231,334,297,328,349,287,179,278,259,364,405,281,319,508,303,319,287,470,282,506,299
V61,D61,2005-01-01,17,183,336,229,243,346,228,373,271,294,261,143,196,256,158,245,244,232,139,257,163,291,265,235,211,325,267,241,176,321,220,384,270
V62,D62,2005-02-01,18,168,296,226,217,335,198,343,271,302,281,160,160,206,190,238,250,194,154,189,170,295,251,217,263,274,227,258,210,311,277,397,283
V63,D63,2005-03-01,18,213,363,247,235,411,216,438,354,344,359,159,214,217,254,278,303,249,181,274,224,335,307,255,288,327,257,314,288,362,245,486,346
V64,D64,2005-04-01,32,191,439,286,226,518,257,465,374,357,376,181,263,217,247,262,301,256,233,294,290,397,339,262,290,342,326,345,318,389,266,584,367
V65,D65,2005-05-01,20,223,434,332,268,483,260,513,367,363,390,196,260,259,237,304,343,293,233,274,247,372,398,278,301,366,302,327,306,393,298,586,423
V66,D66,2005-06-01,33,275,502,358,277,623,317,537,424,429,479,243,282,325,273,349,412,342,261,315,285,431,433,328,374,434,383,329,373,398,355,645,484
V67,D67,2005-07-01,29,303,489,464,317,605,316,597,432,528,406,266,337,358,293,374,446,333,300,327,297,511,499,425,363,512,463,405,376,497,445,771,452
V68,D68,2005-08-01,26,279,503,394,282,615,295,604,490,480,398,237,329,353,356,377,418,371,307,286,361,565,414,381,331,397,436,479,347,421,417,763,496
V69,D69,2005-09-01,37,263,531,397,294,591,336,642,508,471,453,252,316,340,304,397,470,350,325,331,315,515,467,371,345,570,406,490,355,438,394,764,503
V70,D70,2005-10-01,14,262,474,378,310,563,299,571,441,435,473,241,274,327,315,388,431,283,275,231,303,494,418,324,354,426,397,420,319,453,453,638,398
V71,D71,2005-11-01,29,267,489,409,302,565,301,617,474,497,388,217,269,304,316,360,430,359,265,273,273,443,441,332,376,473,374,438,387,405,445,633,417
V72,D72,2005-12-01,30,263,524,335,303,680,296,547,475,558,434,249,289,309,340,381,433,358,342,299,286,534,492,364,413,436,416,409,353,412,439,700,445
V73,D73,2006-01-01,19,208,435,285,251,517,313,467,421,422,341,249,266,299,242,311,325,294,224,319,283,397,348,295,328,341,365,350,271,368,329,563,416
V74,D74,2006-02-01,17,256,443,303,211,529,267,556,387,404,290,239,240,292,295,318,342,279,241,233,298,372,375,287,334,382,319,462,307,325,327,516,439
V75,D75,2006-03-01,28,295,512,439,320,672,361,663,500,540,474,296,326,379,365,412,408,386,310,371,318,540,426,409,375,500,373,455,400,435,409,729,556
V76,D76,2006-04-01,24,253,459,326,276,570,310,496,443,419,316,212,341,329,317,315,373,299,261,347,297,498,402,334,283,393,402,369,307,373,344,748,517
V77,D77,2006-05-01,22,262,497,379,326,682,328,598,431,515,400,253,336,382,360,403,445,345,306,338,339,497,451,409,355,462,400,406,365,454,365,711,527
V78,D78,2006-06-01,29,341,633,473,335,824,360,741,552,589,476,276,416,408,391,416,524,509,398,400,350,549,610,430,401,588,558,497,504,566,427,886,618
V79,D79,2006-07-01,25,352,660,457,364,806,384,725,619,543,440,320,413,426,371,480,491,472,367,366,400,659,641,473,480,483,511,511,504,491,435,935,578
V80,D80,2006-08-01,30,345,696,469,409,856,429,816,664,599,578,370,407,443,413,485,527,432,403,355,438,684,598,493,391,593,557,524,416,509,498,888,518
V81,D81,2006-09-01,24,314,604,449,398,705,391,715,600,611,516,307,328,447,399,452,536,444,460,394,405,661,531,413,352,480,498,511,408,427,415,914,565
V82,D82,2006-10-01,33,334,586,481,362,684,342,785,639,593,466,281,323,369,403,474,461,419,340,360,384,586,526,398,401,520,467,473,433,445,494,791,540
V83,D83,2006-11-01,21,366,619,446,350,730,331,760,617,551,447,300,347,446,369,485,514,431,335,350,352,611,506,413,401,555,420,482,413,480,502,798,482
V84,D84,2006-12-01,22,328,608,491,335,792,340,723,609,526,513,286,362,400,370,525,491,431,330,375,361,566,515,420,356,491,453,512,461,436,436,870,498
V85,D85,2007-01-01,20,257,505,391,368,611,297,599,521,447,373,241,284,391,293,351,430,357,298,397,262,532,511,337,337,377,387,348,368,379,349,701,475
V86,D86,2007-02-01,25,285,494,388,291,585,283,587,468,450,401,234,295,324,352,389,386,347,247,317,294,460,408,297,353,411,342,378,348,365,368,610,412
V87,D87,2007-03-01,28,337,593,413,339,735,327,696,587,519,486,285,362,372,343,519,409,456,367,352,348,533,479,405,372,463,378,472,387,486,438,785,475
V88,D88,2007-04-01,22,284,511,361,315,628,265,623,450,485,370,266,307,314,301,388,388,359,294,311,344,464,433,332,294,439,377,368,317,432,358,702,466
V89,D89,2007-05-01,22,325,568,394,380,666,310,678,540,583,419,309,347,356,328,513,491,390,268,320,350,497,475,418,323,437,400,404,475,468,400,737,468
V90,D90,2007-06-01,19,435,679,466,397,817,330,714,642,600,442,361,397,370,362,494,514,546,347,327,354,697,602,438,398,487,410,454,375,490,467,884,484
V91,D91,2007-07-01,32,372,661,496,420,738,340,757,559,618,483,315,391,457,358,540,481,434,352,372,396,623,636,446,442,457,504,514,485,531,429,896,502
V92,D92,2007-08-01,27,389,688,549,469,812,368,891,610,641,510,353,386,461,428,505,581,466,408,328,388,655,628,435,439,528,541,528,472,456,523,847,514
V93,D93,2007-09-01,23,305,629,389,332,618,300,665,467,542,513,335,296,346,323,434,466,355,343,275,341,482,491,381,373,474,382,503,405,503,408,639,410
V94,D94,2007-10-01,19,404,638,454,351,658,303,745,511,577,435,308,270,326,365,467,459,392,274,226,341,532,504,378,374,504,345,459,397,450,426,584,414
V95,D95,2007-11-01,22,325,528,400,367,661,267,694,445,545,425,307,259,315,296,454,467,417,286,299,303,462,484,386,377,420,339,430,377,461,375,576,405
V96,D96,2007-12-01,11,267,367,303,256,439,240,531,358,409,324,241,182,246,235,338,358,271,222,168,189,370,368,230,288,426,234,323,296,384,284,454,326
V97,D97,2008-01-01,16,215,354,252,207,337,217,400,336,361,251,178,187,204,238,309,309,215,205,186,159,359,294,208,307,318,254,255,232,272,247,370,289
V98,D98,2008-02-01,33,228,347,285,233,399,189,438,310,380,262,181,177,217,220,267,354,243,225,149,163,338,296,239,352,335,235,263,264,248,245,400,258
V99,D99,2008-03-01,6,198,333,233,240,341,162,399,276,311,255,175,160,206,180,256,307,171,206,133,160,319,264,204,394,308,186,300,219,276,228,368,228
V100,D100,2008-04-01,5,200,314,229,242,371,162,382,269,293,205,162,182,186,221,236,315,236,194,186,179,286,229,215,331,301,243,234,216,215,273,459,303
V101,D101,2008-05-01,29,145,372,232,188,360,206,395,253,267,234,161,142,188,199,246,307,199,214,162,182,289,292,221,300,310,262,285,242,262,223,438,270
V102,D102,2008-06-01,9,151,317,217,166,364,237,326,209,253,233,136,116,183,249,247,276,284,205,133,157,270,224,218,309,237,221,218,232,275,216,341,311
V103,D103,2008-07-01,11,110,326,211,159,314,200,292,255,290,265,144,153,174,161,223,226,193,186,164,161,260,199,205,176,248,268,214,216,199,202,307,223
V104,D104,2008-08-01,8,107,244,195,139,305,164,265,185,232,166,118,138,173,169,177,219,171,217,117,139,218,200,151,128,211,175,159,158,253,191,307,183
V105,D105,2008-09-01,6,85,234,187,140,234,159,246,165,177,140,83,97,120,131,156,186,174,166,155,111,186,154,154,105,214,151,149,151,149,161,272,193
V106,D106,2008-10-01,9,85,231,158,141,270,117,254,176,197,151,108,115,129,147,179,222,139,146,117,124,153,159,154,91,173,139,160,156,144,170,317,194
V107,D107,2008-11-01,2,75,176,136,116,202,117,198,120,152,113,110,81,92,113,151,144,122,177,90,72,131,140,102,68,135,113,119,147,106,110,199,149
V108,D108,2008-12-01,6,89,190,152,89,232,122,237,166,165,112,135,78,114,124,152,182,148,133,105,80,151,115,154,127,194,138,111,135,130,124,170,145
V109,D109,2009-01-01,5,48,139,82,73,168,96,142,96,88,90,82,71,75,101,100,129,91,93,78,90,104,110,99,84,130,110,89,113,108,110,135,140
V110,D110,2009-02-01,6,51,153,101,58,158,89,160,105,149,72,79,63,74,87,85,102,88,120,95,68,92,80,107,72,104,104,89,112,121,97,175,135
V111,D111,2009-03-01,8,54,157,125,70,195,118,221,116,137,122,93,90,94,94,116,163,90,132,121,90,129,117,104,88,161,128,123,152,149,115,262,163
V112,D112,2009-04-01,9,63,184,134,96,230,125,209,143,168,88,152,87,96,114,142,169,95,134,137,112,128,115,116,88,162,175,100,129,115,103,239,166
V113,D113,2009-05-01,6,67,191,174,92,260,157,210,161,193,125,107,129,117,112,204,203,120,127,137,157,146,143,150,98,149,159,142,164,192,127,316,176
V114,D114,2009-06-01,18,88,212,173,104,299,181,278,212,149,161,191,156,150,158,177,225,169,171,173,121,153,133,220,112,216,207,191,182,260,154,369,238
V115,D115,2009-07-01,20,110,327,230,145,414,224,306,248,249,216,160,209,189,218,259,263,183,283,232,222,240,213,230,130,237,277,248,248,359,216,492,303
V116,D116,2009-08-01,20,120,314,225,149,393,214,351,227,254,219,199,230,194,197,230,229,176,242,187,175,246,245,201,110,225,272,240,228,299,191,478,268
V117,D117,2009-09-01,19,171,362,213,149,435,251,318,237,249,201,166,243,206,200,246,211,197,260,228,204,252,207,221,155,277,275,248,228,304,191,473,323
V118,D118,2009-10-01,19,145,395,233,187,466,241,375,268,307,222,186,196,215,195,248,300,197,248,229,195,295,230,255,134,274,303,304,270,258,243,501,315
V119,D119,2009-11-01,11,158,366,194,185,386,212,306,243,281,184,189,205,197,203,250,282,191,271,226,211,281,205,234,139,273,267,255,250,367,201,420,319
V120,D120,2009-12-01,16,187,370,289,263,502,278,471,312,314,237,248,239,231,253,334,296,214,268,176,221,298,298,266,198,329,290,291,314,434,223,527,313
V121,D121,2010-01-01,20,73,268,126,149,299,210,225,231,200,137,149,184,173,127,156,166,163,183,202,167,265,155,189,108,290,213,212,144,263,139,373,253
V122,D122,2010-02-01,9,105,272,179,144,301,185,296,207,193,169,140,153,176,154,192,184,195,187,151,168,208,194,171,137,212,218,237,157,263,171,345,239
V123,D123,2010-03-01,15,134,321,192,218,318,218,303,254,266,170,161,203,180,184,253,223,192,229,207,181,251,231,169,173,256,228,189,175,299,180,418,317
V124,D124,2010-04-01,22,123,260,201,184,353,163,263,246,243,165,184,203,158,152,200,239,166,205,221,191,250,194,175,117,239,233,243,221,291,160,453,314
V125,D125,2010-05-01,21,124,333,234,191,355,181,290,230,233,156,145,197,150,185,208,206,201,229,181,152,299,212,209,140,239,263,238,157,343,150,390,264
V126,D126,2010-06-01,29,146,400,208,219,441,231,327,284,240,196,173,242,238,223,274,317,256,259,224,234,313,233,252,179,330,314,312,197,395,232,473,365
V127,D127,2010-07-01,24,156,424,249,245,456,304,326,306,282,259,208,278,272,208,269,315,233,273,253,223,390,285,275,155,290,360,356,239,389,225,567,367
V128,D128,2010-08-01,21,124,425,249,227,416,273,365,266,287,181,202,227,220,188,251,269,225,287,198,236,353,261,234,141,251,303,345,227,277,209,552,280
V129,D129,2010-09-01,20,113,395,230,204,381,270,307,311,245,201,197,235,181,195,233,303,212,247,218,213,301,284,237,147,233,294,344,207,300,192,454,290
V130,D130,2010-10-01,12,116,374,231,208,371,228,324,265,232,227,198,193,191,231,262,283,195,229,197,183,317,266,214,129,216,277,316,185,271,212,412,306
V131,D131,2010-11-01,12,118,368,209,197,336,249,280,297,222,176,235,183,185,226,198,273,230,264,177,190,284,226,194,140,203,242,261,230,391,188,417,262
V132,D132,2010-12-01,31,121,303,162,203,352,221,319,272,245,196,195,191,195,172,226,295,190,210,201,200,261,242,222,115,193,243,253,221,286,184,422,306
V133,D133,2011-01-01,16,92,246,166,149,230,221,197,191,182,142,137,181,159,137,142,196,154,199,182,138,267,179,133,108,165,233,206,100,260,161,341,260
V134,D134,2011-02-01,12,94,231,148,133,310,177,229,218,201,156,131,181,158,153,168,231,155,153,164,142,223,148,136,103,177,187,218,135,209,163,309,243
V135,D135,2011-03-01,19,136,298,181,164,308,190,269,224,174,195,129,233,162,138,178,256,145,198,235,138,249,216,198,147,183,231,233,158,270,192,324,304
V136,D136,2011-04-01,21,117,250,197,179,354,212,237,225,203,179,124,234,174,148,212,256,190,175,266,165,310,221,207,114,186,248,250,176,214,153,425,281
V137,D137,2011-05-01,28,109,295,195,170,297,162,245,227,183,200,161,204,172,146,168,213,171,170,158,171,273,184,198,125,194,193,225,194,279,160,387,203
V138,D138,2011-06-01,22,135,322,248,182,378,227,276,222,233,231,233,209,183,196,212,268,208,214,187,215,305,265,215,124,211,279,313,221,345,193,474,300
V139,D139,2011-07-01,19,127,372,224,197,439,256,340,296,240,306,181,247,199,212,259,303,247,245,245,219,342,271,259,145,250,328,297,260,390,201,518,308
V140,D140,2011-08-01,27,127,374,220,199,395,263,352,285,266,264,270,266,230,221,240,328,229,269,235,235,352,282,275,138,263,334,347,278,307,243,585,299
V141,D141,2011-09-01,25,145,399,248,206,389,267,323,280,234,241,272,233,245,223,275,366,222,284,238,192,364,315,248,142,240,298,307,215,262,214,507,288
V142,D142,2011-10-01,21,141,357,233,202,360,249,339,279,278,214,178,244,187,188,250,291,173,195,184,190,296,248,220,127,243,269,292,242,255,212,473,241
V143,D143,2011-11-01,21,124,369,237,203,387,204,317,280,260,217,198,253,192,201,257,335,186,229,202,211,297,268,221,143,212,263,240,217,321,206,414,271
V144,D144,2011-12-01,24,111,395,248,207,488,192,369,284,263,215,203,206,213,193,226,318,214,246,167,223,308,243,284,186,205,269,245,237,250,219,487,279
V145,D145,2012-01-01,11,81,300,186,171,337,174,226,229,207,180,128,185,178,163,206,232,180,213,187,150,257,225,204,175,155,211,270,166,209,162,350,223
V146,D146,2012-02-01,17,122,311,181,152,339,165,261,194,229,210,198,155,171,167,217,259,174,224,167,143,263,209,184,124,184,197,237,193,246,161,359,246
V147,D147,2012-03-01,9,162,364,281,198,429,210,421,300,309,317,220,225,221,199,339,345,265,221,159,210,404,365,259,215,243,254,391,268,354,248,437,257
V148,D148,2012-04-01,12,68,279,187,132,276,153,192,173,203,174,153,232,149,125,189,187,160,194,170,147,238,208,156,82,176,222,214,155,229,125,374,228
V149,D149,2012-05-01,12,101,341,213,126,384,198,299,268,232,224,190,209,177,164,255,220,180,235,190,179,317,221,212,105,186,265,269,160,332,159,449,304
V150,D150,2012-06-01,21,127,380,254,149,455,204,275,280,234,273,216,220,181,192,205,275,214,274,190,191,305,354,238,112,203,299,242,216,371,203,506,278
V151,D151,2012-07-01,16,136,321,282,192,459,261,312,302,226,226,218,265,270,191,266,296,184,291,234,210,382,317,250,131,233,339,274,221,388,199,528,337
V152,D152,2012-08-01,17,122,393,289,181,521,246,334,312,278,256,289,259,265,206,247,320,217,292,173,260,394,317,253,103,228,346,308,261,331,240,551,272
V153,D153,2012-09-01,15,90,382,211,195,347,224,288,253,219,192,298,223,206,229,205,264,191,251,197,199,405,277,263,156,189,309,310,198,317,179,398,246
V154,D154,2012-10-01,18,104,339,266,171,466,173,351,311,201,225,235,214,201,224,210,293,185,234,182,212,360,269,293,181,231,258,298,271,305,211,421,285
V155,D155,2012-11-01,22,119,341,283,204,454,212,373,333,245,254,225,216,227,213,243,332,253,226,184,238,329,320,222,152,262,303,291,279,298,234,491,283
V156,D156,2012-12-01,28,114,312,247,188,382,198,288,290,221,240,252,196,197,192,231,279,169,187,189,209,291,253,239,170,216,271,256,180,223,207,423,263
V157,D157,2013-01-01,16,103,349,190,136,306,244,256,274,185,195,165,219,214,174,184,200,191,170,184,162,303,251,217,143,189,226,256,170,327,176,419,264
V158,D158,2013-02-01,21,128,335,202,174,311,164,305,284,222,187,164,168,180,173,196,221,193,172,147,155,280,216,195,208,188,210,242,195,266,191,349,295
V159,D159,2013-03-01,19,99,436,230,193,325,180,371,327,224,279,205,208,181,169,244,294,197,241,212,175,325,269,270,178,182,255,273,202,369,207,397,255
V160,D160,2013-04-01,13,116,344,238,160,350,221,305,259,218,193,232,224,182,187,270,218,180,177,183,170,356,268,240,147,226,252,303,191,293,191,471,271
V161,D161,2013-05-01,32,141,421,291,202,488,263,397,294,294,277,271,230,222,210,251,259,226,253,233,225,433,332,277,176,236,327,423,256,315,224,589,310
V162,D162,2013-06-01,12,135,334,257,212,448,222,428,325,258,289,255,261,231,214,276,269,256,299,228,237,424,405,262,200,225,292,417,232,362,208,535,321
V163,D163,2013-07-01,29,167,472,303,211,550,328,462,385,336,329,283,355,266,249,353,343,290,344,286,291,464,425,313,233,276,382,495,308,488,293,678,344
V164,D164,2013-08-01,95,197,527,388,238,586,300,453,399,328,373,306,319,272,256,376,318,282,325,259,316,495,405,331,209,297,418,411,314,508,303,635,354
V165,D165,2013-09-01,104,152,432,326,207,519,292,415,355,339,359,242,313,242,238,363,314,274,260,264,267,453,422,310,254,288,309,407,290,448,257,571,363
V166,D166,2013-10-01,54,182,459,338,260,571,246,549,381,388,408,212,267,271,281,387,343,312,288,222,299,455,469,326,215,325,372,409,338,420,302,568,321
V167,D167,2013-11-01,23,217,442,361,284,631,266,490,332,380,397,246,255,238,262,368,363,310,305,264,280,550,464,328,271,323,374,422,341,490,296,613,343
V168,D168,2013-12-01,21,212,368,319,248,522,295,549,324,344,368,239,269,249,223,393,322,259,294,230,244,546,422,274,266,307,318,399,263,397,313,659,321
V169,D169,2014-01-01,28,129,424,326,236,534,252,468,312,343,372,174,293,256,237,339,359,269,230,296,238,483,360,287,249,313,303,335,289,451,246,603,315
V170,D170,2014-02-01,19,165,409,312,255,542,194,485,281,361,317,268,216,227,215,321,299,265,212,229,224,395,379,263,237,288,264,391,282,458,274,469,270
V171,D171,2014-03-01,37,165,410,300,252,461,253,561,300,342,292,219,195,238,232,354,297,278,231,229,211,395,386,271,284,272,274,351,262,562,309,473,281
V172,D172,2014-04-01,19,164,432,282,266,515,300,535,305,307,361,260,269,237,209,311,300,301,237,276,253,389,386,295,220,288,287,324,235,508,271,619,314
V173,D173,2014-05-01,23,174,397,287,240,504,242,494,268,315,592,246,252,244,213,351,308,318,289,277,228,424,399,301,264,317,307,346,261,482,335,620,352
V174,D174,2014-06-01,21,174,443,346,268,525,230,545,301,346,466,326,284,252,281,382,325,333,276,223,248,412,378,258,337,357,282,363,258,507,316,498,449
V175,D175,2014-07-01,15,215,546,388,297,609,290,553,307,351,518,296,297,292,260,419,314,299,327,260,313,542,497,285,272,395,354,365,276,457,361,548,330
V176,D176,2014-08-01,28,210,487,387,257,638,266,567,358,367,451,249,302,297,247,348,349,274,267,227,306,502,445,322,309,329,368,460,420,430,334,577,293
V177,D177,2014-09-01,18,189,445,346,263,497,242,557,302,346,422,277,242,235,253,476,348,285,235,212,309,430,381,283,277,328,284,356,342,431,314,505,387
V178,D178,2014-10-01,14,249,463,358,270,585,237,550,322,354,385,286,239,254,266,399,349,283,227,233,302,406,442,263,298,351,325,321,389,496,341,497,295
V179,D179,2014-11-01,39,202,378,324,235,431,165,460,277,324,320,209,184,234,234,298,358,282,189,160,246,350,345,230,230,320,232,282,275,403,283,431,219
V180,D180,2014-12-01,71,299,397,358,246,501,190,440,284,274,348,222,188,254,219,354,361,291,288,169,243,422,369,223,245,276,277,306,290,335,278,457,280
V181,D181,2015-01-01,38,207,362,283,208,434,190,419,304,283,367,202,164,186,220,257,250,277,180,190,188,372,299,202,214,246,214,260,237,294,253,415,228
V182,D182,2015-02-01,40,192,391,251,204,417,158,432,223,286,379,171,153,176,204,298,301,217,173,188,194,357,273,203,222,302,234,269,233,265,235,374,202
V183,D183,2015-03-01,37,195,432,269,258,418,233,498,293,328,302,180,168,204,204,297,277,247,247,202,189,389,383,236,247,319,200,298,269,431,331,377,251
V184,D184,2015-04-01,21,169,337,282,223,479,174,427,281,270,250,252,202,191,221,265,269,249,218,163,216,357,335,224,200,198,245,282,253,344,309,507,275
V185,D185,2015-05-01,27,181,386,350,184,535,196,515,297,338,306,234,229,243,231,318,291,294,181,174,207,352,412,249,249,245,244,345,274,438,246,488,207
V186,D186,2015-06-01,19,233,468,401,365,490,208,517,386,298,340,329,261,300,320,397,340,327,229,186,245,435,507,281,400,307,293,395,337,434,297,583,274
V187,D187,2015-07-01,17,211,485,448,415,670,281,576,399,424,430,384,268,330,452,463,432,321,234,208,269,500,439,309,286,351,361,461,347,410,374,644,282
V188,D188,2015-08-01,18,193,430,366,337,559,219,505,352,328,344,346,224,285,263,413,379,290,237,169,242,492,381,286,254,326,323,396,297,385,335,653,254
V189,D189,2015-09-01,36,218,452,346,351,556,252,552,317,352,439,222,243,251,297,467,377,329,206,197,219,441,429,299,298,340,339,387,278,387,344,562,282
V190,D190,2015-10-01,22,247,559,380,252,617,221,528,332,350,387,242,232,262,266,401,396,348,189,174,267,414,453,277,316,343,340,409,392,405,307,592,280
V191,D191,2015-11-01,11,223,508,332,239,508,249,509,274,324,444,214,188,201,258,387,321,277,198,160,223,345,321,256,273,303,275,395,303,316,307,450,214
V192,D192,2015-12-01,31,237,445,318,202,530,188,475,330,303,456,234,176,215,253,330,302,280,198,217,229,343,343,255,298,300,273,328,295,309,282,461,264
V193,D193,2016-01-01,15,158,357,232,239,412,171,375,255,291,263,157,152,180,222,312,271,192,170,170,170,372,283,196,252,250,268,245,201,244,257,388,207
V194,D194,2016-02-01,36,214,395,307,209,393,169,413,245,248,334,162,184,183,182,302,274,204,172,141,209,317,313,209,238,261,199,290,265,330,254,360,196
V195,D195,2016-03-01,35,351,891,445,542,743,438,832,557,612,579,383,427,356,462,542,604,490,529,491,416,628,639,476,479,534,499,616,460,615,421,828,581
V196,D196,2016-04-01,7,137,237,214,155,341,133,312,150,157,207,155,133,147,112,190,172,189,163,95,115,213,246,120,132,145,182,157,164,192,162,386,126
V197,D197,2016-05-01,9,144,396,233,155,402,114,389,200,209,198,175,145,159,136,263,210,167,141,90,129,228,263,153,141,191,182,215,181,295,187,364,153
V198,D198,2016-06-01,7,179,486,266,252,428,193,411,247,243,306,178,176,194,197,287,249,231,153,124,165,331,431,206,148,207,218,271,257,542,229,487,165
V199,D199,2016-07-01,7,182,395,303,267,441,163,487,217,260,258,186,206,219,191,332,281,205,221,105,203,382,339,212,219,269,241,415,255,463,260,458,146
V200,D200,2016-08-01,8,159,386,297,197,434,136,491,276,281,392,200,149,207,186,328,351,211,161,96,176,298,303,226,218,251,242,346,294,393,284,404,154
V201,D201,2016-09-01,8,187,436,305,295,385,157,436,291,253,317,162,166,205,145,355,235,289,163,114,143,309,264,215,142,219,248,249,279,407,262,452,182
V202,D202,2016-10-01,11,160,361,287,239,447,162,430,197,225,346,212,160,149,166,244,252,264,156,104,149,308,268,175,373,257,196,276,289,367,283,411,175
V203,D203,2016-11-01,16,178,376,278,267,363,152,369,269,249,281,239,147,133,173,328,286,251,148,125,152,299,350,199,309,250,220,253,317,373,236,355,219
V204,D204,2016-12-01,13,154,383,261,175,458,209,367,272,211,321,247,158,160,197,295,241,251,163,172,188,277,305,222,305,230,224,292,310,380,239,435,323
V205,D205,2017-01-01,11,129,251,228,170,344,154,360,200,208,259,179,162,131,164,284,211,158,133,136,121,247,234,134,214,190,201,251,232,378,229,414,192
V206,D206,2017-02-01,9,146,319,254,164,313,149,423,215,189,219,169,157,154,170,293,236,178,115,109,141,253,248,174,280,223,187,222,261,383,216,333,206
V207,D207,2017-03-01,18,223,405,256,185,414,221,447,293,274,282,208,174,165,197,347,274,257,158,152,181,330,245,236,388,271,280,274,255,284,250,465,250
V208,D208,2017-04-01,20,125,293,238,176,330,177,408,195,214,234,172,184,124,149,254,234,199,127,124,133,288,262,200,358,191,199,246,211,268,177,356,254
V209,D209,2017-05-01,21,174,353,234,239,368,161,404,199,244,258,164,174,148,150,259,308,171,116,125,184,400,315,214,359,195,238,324,233,314,188,432,208
V210,D210,2017-06-01,19,192,410,303,246,478,244,451,249,290,407,144,200,204,182,276,294,217,173,171,178,367,475,227,456,233,219,366,254,344,260,448,215
V211,D211,2017-07-01,20,160,325,289,210,427,153,430,248,239,307,218,197,178,200,345,284,183,151,123,196,308,304,219,369,243,268,380,277,245,246,570,182
V212,D212,2017-08-01,21,165,368,351,180,505,198,433,266,267,269,210,162,188,192,363,354,232,167,124,221,341,294,243,289,262,262,317,315,298,258,580,219
V213,D213,2017-09-01,29,178,326,264,161,424,185,460,232,214,348,180,151,175,168,327,285,305,160,137,154,359,252,239,219,240,216,348,260,280,238,480,224
V214,D214,2017-10-01,17,203,345,293,124,414,184,416,217,257,384,199,189,184,156,281,264,265,127,111,155,336,259,220,243,242,249,314,230,238,272,391,175
V215,D215,2017-11-01,14,193,315,297,203,381,192,383,217,204,305,165,193,159,194,288,273,263,132,114,186,252,240,192,260,220,217,245,257,217,220,357,212
V216,D216,2017-12-01,9,180,306,270,157,399,169,386,249,218,257,267,200,142,174,282,274,222,132,132,153,349,303,204,278,251,220,267,232,299,231,334,212
V217,D217,2018-01-01,12,153,241,232,119,297,127,321,209,182,204,170,168,122,172,244,216,202,120,128,135,257,256,173,256,203,181,227,194,200,178,330,203
V218,D218,2018-02-01,12,149,268,223,119,310,149,271,187,194,227,138,185,119,144,247,228,153,113,86,120,216,191,126,333,162,171,219,206,200,186,275,198
V219,D219,2018-03-01,14,156,288,235,138,372,144,306,223,231,244,133,218,146,180,283,239,183,131,121,162,277,243,195,230,212,207,206,191,228,206,307,186
V220,D220,2018-04-01,13,116,241,229,125,355,117,255,169,157,210,129,161,121,138,223,219,144,115,111,118,218,208,152,150,188,180,187,174,157,165,286,161
V221,D221,2018-05-01,6,137,202,218,119,322,125,259,180,173,195,125,162,134,128,244,174,134,106,82,133,225,209,169,143,187,173,210,165,134,187,306,127